# Exported from Figuro at https://www.figuro.io

mtllib Rug.mtl
g carpet
v -577.3740933380095 1.1578502118345124 -465.3220866357078
v -578.9546257723936 3.3969722730057823 -501.9902364582774
v -533.6091077425026 1.8630855138794855 -503.94479545149056
v -532.0285753081191 4.373804676128734 -467.27664562892
v -580.5351582067772 5.291206067269764 -538.6583862808473
v -535.1896401768864 2.0611598204949235 -540.61294527406
v -582.115690641161 1.500783278958239 -575.3265361034174
v -536.7701726112704 2.999399868035952 -577.2810950966301
v -583.6962230755446 1.816262478871094 -611.9946859259871
v -538.3507050456541 5.728214166769046 -613.9492449192
v -585.2767555099285 5.271744544657924 -648.6628357485572
v -539.9312374800379 1.7057635980783523 -650.6173947417699
v -586.8572879443122 5.5304096234278575 -685.330985571127
v -541.5117699144218 2.289141412466276 -687.28554456434
v -530.4480428737352 5.075061000938425 -430.60849580635033
v -486.68305727822826 4.269879514423041 -469.2312046221326
v -485.1025248438445 1.7323018607133234 -432.5630547995631
v -488.26358971261186 4.812686215138818 -505.899354444703
v -489.8441221469958 3.4836888864038924 -542.567504267273
v -491.42465458137974 4.356543418549007 -579.2356540898429
v -493.00518701576357 4.503703981323276 -615.9038039124129
v -494.5857194501474 3.12780862042652 -652.5719537349828
v -496.1662518845311 2.832225316822168 -689.2401035575526
v -441.3375392483379 2.8621659208529557 -471.18576361534565
v -439.75700681395364 5.244210858057772 -434.51761379277593
v -442.91807168272163 3.3843270362856206 -507.85391343791605
v -444.4986041171053 2.124811549747503 -544.5220632604857
v -446.079136551489 4.9287671967155475 -581.1902130830559
v -447.659668985873 4.68892941667975 -617.8583629056258
v -449.24020142025665 1.5779012423530023 -654.5265127281955
v -450.8207338546405 2.704182589606635 -691.1946625507655
v -395.99202121844695 3.660088511637566 -473.1403226085587
v -394.411488784063 4.154221535507799 -436.47217278598856
v -397.5725536528306 3.673863821341925 -509.8084724311286
v -399.1530860872146 2.261992580536786 -546.4766222536987
v -400.7336185215985 4.254786911379628 -583.1447720762686
v -402.31415095598226 3.817004628620956 -619.8129218988387
v -403.894683390366 1.1937767144162326 -656.4810717214084
v -405.4752158247498 4.400832606615494 -693.1492215439783
v -350.6465031885561 1.743140629683472 -475.0948816017717
v -349.0659707541722 2.118922294654789 -438.4267317792017
v -352.22703562294 2.8914451351115202 -511.76303142434153
v -353.807568057324 4.0752457622203355 -548.4311812469117
v -355.3881004917075 5.303358237106324 -585.0993310694813
v -356.9686329260914 2.98250380875682 -621.7674808920514
v -358.5491653604751 5.570422289433154 -658.4356307146211
v -360.129697794859 5.396787497546279 -695.103780537191
v -305.3009851586654 4.440892098500626e-16 -477.04944059498445
v -303.7204527242817 3.7681827670664845 -440.3812907724142
v -306.88151759304947 3.3124560273051786 -513.7175904175542
v -308.46205002743284 3.508440712684621 -550.3857402401242
v -310.0425824618169 2.9972754361417975 -587.0538900626942
v -311.6231148962009 5.412449335170012 -623.7220398852642
v -313.2036473305848 1.8741025504269588 -660.3901897078342
v -314.78417976496826 1.724089894134389 -697.0583395304039
v -261.5359995631585 3.434002424452517 -515.6721494107669
v -259.95546712877496 2.1148233604071534 -479.00399958819713
v -263.1165319975423 4.402512383970251 -552.3402992333371
v -264.6970644319264 5.86466616741798 -589.008449055907
v -266.27759686631003 4.092339666698846 -625.6765988784769
v -267.8581293006941 4.4245668060921455 -662.3447487010469
v -265.41772275053785 1.083011561681242 -442.03227963718916
v -258.6850985017241 0.783213375164701 -449.5316103266899
v -269.1853687755617 3.7581619921039113 -693.1365343399531
v -279.4699624486782 3.209142350975763 -698.5805124824989
v -575.9842585021745 4.381363450850606 -433.0780966483064
v -572.5200148099656 4.841806984810419 -428.79503871769236
# 67 vertices
vt -0.603917578574185 0.6157590274828602
vt -0.6100915333959975 0.7589939877272727
vt -0.43296060359173616 0.7666289837945114
vt -0.42678664876992545 0.6233940235500952
vt -0.6100915333959975 0.7589939877272727
vt -0.6162654882178085 0.9022289479716863
vt -0.43913455841354776 0.9098639440389238
vt -0.43296060359173616 0.7666289837945114
vt -0.6162654882178085 0.9022289479716863
vt -0.6224394430396203 1.0454639082161006
vt -0.44530851323536 1.0530989042833379
vt -0.43913455841354776 0.9098639440389238
vt -0.6224394430396203 1.0454639082161006
vt -0.6286133978614314 1.1886988684605138
vt -0.4514824680571714 1.1963338645277517
vt -0.44530851323536 1.0530989042833379
vt -0.6286133978614314 1.1886988684605138
vt -0.6347873526832433 1.3319338287049283
vt -0.4576564228789832 1.3395688247721653
vt -0.4514824680571714 1.1963338645277517
vt -0.6347873526832433 1.3319338287049283
vt -0.6409613075050551 1.4751687889493417
vt -0.4638303777007957 1.4828037850165792
vt -0.4576564228789832 1.3395688247721653
vt -0.42061269394811296 0.4801590633056825
vt -0.42678664876992545 0.6233940235500952
vt -0.2496557189656643 0.6310290196173322
vt -0.2434817641438527 0.48779405937291975
vt -0.42678664876992545 0.6233940235500952
vt -0.43296060359173616 0.7666289837945114
vt -0.25582967378747523 0.7742639798617477
vt -0.2496557189656643 0.6310290196173322
vt -0.43296060359173616 0.7666289837945114
vt -0.43913455841354776 0.9098639440389238
vt -0.2620036286092875 0.9174989401061616
vt -0.25582967378747523 0.7742639798617477
vt -0.43913455841354776 0.9098639440389238
vt -0.44530851323536 1.0530989042833379
vt -0.26817758343109976 1.0607339003505756
vt -0.2620036286092875 0.9174989401061616
vt -0.44530851323536 1.0530989042833379
vt -0.4514824680571714 1.1963338645277517
vt -0.2743515382529116 1.2039688605949892
vt -0.26817758343109976 1.0607339003505756
vt -0.4514824680571714 1.1963338645277517
vt -0.4576564228789832 1.3395688247721653
vt -0.2805254930747234 1.3472038208394028
vt -0.2743515382529116 1.2039688605949892
vt -0.4576564228789832 1.3395688247721653
vt -0.4638303777007957 1.4828037850165792
vt -0.2866994478965348 1.4904387810838164
vt -0.2805254930747234 1.3472038208394028
vt -0.2434817641438527 0.48779405937291975
vt -0.2496557189656643 0.6310290196173322
vt -0.0725247891614052 0.6386640156845704
vt -0.06635083433959149 0.4954290554401575
vt -0.2496557189656643 0.6310290196173322
vt -0.25582967378747523 0.7742639798617477
vt -0.07869874398321647 0.781898975928986
vt -0.0725247891614052 0.6386640156845704
vt -0.25582967378747523 0.7742639798617477
vt -0.2620036286092875 0.9174989401061616
vt -0.08487269880502768 0.9251339361733988
vt -0.07869874398321647 0.781898975928986
vt -0.2620036286092875 0.9174989401061616
vt -0.26817758343109976 1.0607339003505756
vt -0.09104665362683911 1.0683688964178137
vt -0.08487269880502768 0.9251339361733988
vt -0.26817758343109976 1.0607339003505756
vt -0.2743515382529116 1.2039688605949892
vt -0.0972206084486516 1.2116038566622271
vt -0.09104665362683911 1.0683688964178137
vt -0.2743515382529116 1.2039688605949892
vt -0.2805254930747234 1.3472038208394028
vt -0.10339456327046281 1.35483881690664
vt -0.0972206084486516 1.2116038566622271
vt -0.2805254930747234 1.3472038208394028
vt -0.2866994478965348 1.4904387810838164
vt -0.10956851809227458 1.4980737771510546
vt -0.10339456327046281 1.35483881690664
vt -0.06635083433959149 0.4954290554401575
vt -0.0725247891614052 0.6386640156845704
vt 0.10460614064285653 0.6462990117518088
vt 0.11078009546466866 0.5030640515073943
vt -0.0725247891614052 0.6386640156845704
vt -0.07869874398321647 0.781898975928986
vt 0.09843218582104521 0.7895339719962227
vt 0.10460614064285653 0.6462990117518088
vt -0.07869874398321647 0.781898975928986
vt -0.08487269880502768 0.9251339361733988
vt 0.09225823099923289 0.932768932240637
vt 0.09843218582104521 0.7895339719962227
vt -0.08487269880502768 0.9251339361733988
vt -0.09104665362683911 1.0683688964178137
vt 0.08608427617742079 1.0760038924850508
vt 0.09225823099923289 0.932768932240637
vt -0.09104665362683911 1.0683688964178137
vt -0.0972206084486516 1.2116038566622271
vt 0.07991032135560916 1.219238852729465
vt 0.08608427617742079 1.0760038924850508
vt -0.0972206084486516 1.2116038566622271
vt -0.10339456327046281 1.35483881690664
vt 0.07373636653379764 1.362473812973878
vt 0.07991032135560916 1.219238852729465
vt -0.10339456327046281 1.35483881690664
vt -0.10956851809227458 1.4980737771510546
vt 0.06756241171198599 1.5057087732182919
vt 0.07373636653379764 1.362473812973878
vt 0.11078009546466866 0.5030640515073943
vt 0.10460614064285653 0.6462990117518088
vt 0.2817370704471176 0.6539340078190471
vt 0.2879110252689296 0.5106990475746331
vt 0.10460614064285653 0.6462990117518088
vt 0.09843218582104521 0.7895339719962227
vt 0.2755631156253055 0.7971689680634607
vt 0.2817370704471176 0.6539340078190471
vt 0.09843218582104521 0.7895339719962227
vt 0.09225823099923289 0.932768932240637
vt 0.269389160803493 0.9404039283078751
vt 0.2755631156253055 0.7971689680634607
vt 0.09225823099923289 0.932768932240637
vt 0.08608427617742079 1.0760038924850508
vt 0.26321520598168235 1.0836388885522878
vt 0.269389160803493 0.9404039283078751
vt 0.08608427617742079 1.0760038924850508
vt 0.07991032135560916 1.219238852729465
vt 0.25704125115987025 1.2268738487967021
vt 0.26321520598168235 1.0836388885522878
vt 0.07991032135560916 1.219238852729465
vt 0.07373636653379764 1.362473812973878
vt 0.2508672963380589 1.3701088090411149
vt 0.25704125115987025 1.2268738487967021
vt 0.07373636653379764 1.362473812973878
vt 0.06756241171198599 1.5057087732182919
vt 0.24469334151624683 1.513343769285529
vt 0.2508672963380589 1.3701088090411149
vt 0.2879110252689296 0.5106990475746331
vt 0.2817370704471176 0.6539340078190471
vt 0.4588680002513781 0.6615690038862845
vt 0.46504195507318946 0.5183340436418695
vt 0.2817370704471176 0.6539340078190471
vt 0.2755631156253055 0.7971689680634607
vt 0.4526940454295654 0.8048039641306977
vt 0.4588680002513781 0.6615690038862845
vt 0.2755631156253055 0.7971689680634607
vt 0.269389160803493 0.9404039283078751
vt 0.4465200906077553 0.9480389243751115
vt 0.4526940454295654 0.8048039641306977
vt 0.269389160803493 0.9404039283078751
vt 0.26321520598168235 1.0836388885522878
vt 0.4403461357859425 1.0912738846195258
vt 0.4465200906077553 0.9480389243751115
vt 0.26321520598168235 1.0836388885522878
vt 0.25704125115987025 1.2268738487967021
vt 0.4341721809641301 1.2345088448639396
vt 0.4403461357859425 1.0912738846195258
vt 0.25704125115987025 1.2268738487967021
vt 0.2508672963380589 1.3701088090411149
vt 0.427998226142318 1.377743805108354
vt 0.4341721809641301 1.2345088448639396
vt 0.2508672963380589 1.3701088090411149
vt 0.24469334151624683 1.513343769285529
vt 0.4218242713205075 1.5209787653527669
vt 0.427998226142318 1.377743805108354
vt 0.4588680002513781 0.6615690038862845
vt 0.4526940454295654 0.8048039641306977
vt 0.629824975233827 0.8124389601979348
vt 0.6359989300556377 0.6692039999535215
vt 0.4526940454295654 0.8048039641306977
vt 0.4465200906077553 0.9480389243751115
vt 0.6236510204120153 0.9556739204423494
vt 0.629824975233827 0.8124389601979348
vt 0.4465200906077553 0.9480389243751115
vt 0.4403461357859425 1.0912738846195258
vt 0.6174770655902024 1.0989088806867635
vt 0.6236510204120153 0.9556739204423494
vt 0.4403461357859425 1.0912738846195258
vt 0.4341721809641301 1.2345088448639396
vt 0.6113031107683913 1.2421438409311767
vt 0.6174770655902024 1.0989088806867635
vt 0.4341721809641301 1.2345088448639396
vt 0.427998226142318 1.377743805108354
vt 0.6051291559465786 1.3853788011755908
vt 0.6113031107683913 1.2421438409311767
vt 0.6146619940331264 0.5247832188948967
vt 0.46504195507318946 0.5183340436418695
vt 0.4588680002513781 0.6615690038862845
vt 0.6359989300556377 0.6692039999535215
vt 0.6409613075050551 0.5540774794007588
vt 0.599944626747877 1.5056592138275682
vt 0.6051291559465786 1.3853788011755908
vt 0.427998226142318 1.377743805108354
vt 0.4218242713205075 1.5209787653527669
vt 0.5597704327122656 1.5269247534468877
vt -0.5984885362467045 0.48980594159457336
vt -0.603917578574185 0.6157590274828602
vt -0.42678664876992545 0.6233940235500952
vt -0.42061269394811296 0.4801590633056825
vt -0.5849563343240132 0.4730752465531124
# 199 uvs
vn -0.029713077629651856 0.998668304301322 -0.030182705238220336
vn 0.01744752447375274 0.9990214701368807 0.011636342632096059
vn -0.011568060816100028 0.9989792880729237 -0.0038603411379496497
vn -0.013225331751838338 0.9988637020236406 -0.015611012954415422
vn 0.03546523501412081 0.9986429715360364 -0.006716616841728071
vn -0.001824543001683155 0.9988093719734858 -0.00019649820256900218
vn -0.020122236969105468 0.9982192922983544 0.002140823622021667
vn -0.0173812366315516 0.9987246386350249 0.01735164046006456
vn -0.03087563745986192 0.9986684848705247 0.01816666297101084
vn -0.016712666650806302 0.998468393715684 0.0005817187855048367
vn 0.03552914036052274 0.9985488572873129 0.00032768879414987783
vn 0.011069354457744016 0.9985400277762106 -0.01691982631733148
vn 0.0751985009270564 0.997134804821796 0.008207708043201253
vn 0.026872161311409036 0.9984464412788339 0.006527912352400843
vn -0.0008930355174313273 0.9982414677361362 -0.017066618400125196
vn 0.0038208168496919404 0.9993136572515375 0.003544292788787887
vn 0.007954980963970204 0.9993485256608252 0.013224175161167862
vn -0.005055413834787939 0.9990475175356454 -0.01552147283431052
vn -0.009575428106286504 0.9988926580664848 0.006434982467808987
vn -0.0067175040327574 0.9992837044885368 0.028457242649547656
vn -0.0002817612024683062 0.9986314152193935 -0.02412583678436612
vn 0.0011331124474561775 0.9987130668762736 -0.029855452160031177
vn -0.0012518849580823808 0.999761642386905 0.00767793352711826
vn -0.000342154788725328 0.9995665282942773 -0.003797303206095906
vn -0.010767661957037046 0.9994786408323728 -0.01807012787173115
vn 0.010758292829162455 0.9993862193725137 -0.012923641587833708
vn 0.010592714421366205 0.9987002085303718 0.010463139386202889
vn 0.006931853155728113 0.999085403273039 0.02591046835565045
vn 0.007753290201785661 0.9986673177049467 -0.03771173705556331
vn 0.007464757451254635 0.9982039324667864 -0.017497757894123427
vn 0.003534445246400289 0.9989616419978593 0.03499981162656815
vn 0.015797768825589406 0.9993865570590151 -0.007654581254340671
vn 0.02223517230236784 0.9991057967872156 -0.026477759820278536
vn 0.0002457280151768413 0.9996481878787516 -0.004102494989585706
vn -0.009649742399936677 0.9989139991665231 0.017818742304218937
vn -0.0020548023777992542 0.9988755265384919 0.015662362775507997
vn -0.003976679026453244 0.9988028600661263 -0.031142393325849088
vn -0.024408144500069534 0.9979175208429756 0.006504110188647789
vn -0.03454196022141502 0.9977814347243243 0.05160666068080327
vn 0.022264347458163296 0.998719861492901 0.001109873245247842
vn 0.02077437030101258 0.9986966298610225 -0.03502865017000172
vn 0.009610982706404 0.9993097454344323 0.02264723739561402
vn -0.001651799073183113 0.9994370717018602 0.017403185091417396
vn -0.0007055030889369635 0.9993213820212986 0.004361165034635775
vn -0.007719429404609141 0.9995870960709803 -0.012102792355908653
vn -0.0005382831876775476 0.998293680102491 0.0058778292932799275
vn 0.011722525199849482 0.9970581864459831 0.01792328131554456
vn 0.00113027230835856 0.9984027132902602 0.008913821079886579
vn 0.004616199437770982 0.9989219777338368 -0.04413358921088553
vn -0.0031976017576684545 0.9988501551885904 0.03973942166398898
vn -0.0042148387837174246 0.9995361395537766 0.014534945376762429
vn -0.006684334403878629 0.9995813780385708 0.008482207866925412
vn -0.004996366254616335 0.9996473787326778 -0.011429552522891634
vn 0.007237738368263217 0.998549115794187 -0.018742106011015117
vn 0.015489669311153653 0.9977108126231038 -0.00921297003860174
vn -0.01616948011973922 0.9987626855831162 0.04014074097262024
vn -0.005609083497571303 0.99857397588131 0.01602124582097423
vn -0.025647528258760266 0.9994352606981699 0.015521070905750074
vn -0.02872574546845513 0.9994376625708283 0.012097902505282213
vn -0.016027638719678123 0.9993861779236983 -0.016763281043268578
vn -0.032537104450819754 0.9988329836232092 -0.026779697334297185
vn 0.010628044801060103 0.9994342102971585 -0.03191087512748536
vn 0.010628044801060103 0.9994342102971585 -0.03191087512748536
vn -0.04966811432494871 0.9987100448451096 -0.010551054207186276
vn -0.04966811432494871 0.9987100448451096 -0.010551054207186276
vn -0.040757314954069535 0.9975150867924661 -0.057467320271209085
vn -0.040757314954069535 0.9975150867924661 -0.057467320271209085
# 67 normals
usemtl #ffe99898
f 4/4/4 3/3/3 2/2/2 1/1/1 
f 3/8/3 6/7/6 5/6/5 2/5/2 
f 6/12/6 8/11/8 7/10/7 5/9/5 
f 8/16/8 10/15/10 9/14/9 7/13/7 
f 10/20/10 12/19/12 11/18/11 9/17/9 
f 12/24/12 14/23/14 13/22/13 11/21/11 
f 17/28/17 16/27/16 4/26/4 15/25/15 
f 22/52/22 23/51/23 14/50/14 12/49/12 
f 25/56/25 24/55/24 16/54/16 17/53/17 
f 26/64/26 27/63/27 19/62/19 18/61/18 
f 27/68/27 28/67/28 20/66/20 19/65/19 
f 28/72/28 29/71/29 21/70/21 20/69/20 
f 30/80/30 31/79/31 23/78/23 22/77/22 
f 33/84/33 32/83/32 24/82/24 25/81/25 
f 34/92/34 35/91/35 27/90/27 26/89/26 
f 36/100/36 37/99/37 29/98/29 28/97/28 
f 38/108/38 39/107/39 31/106/31 30/105/30 
f 41/112/41 40/111/40 32/110/32 33/109/33 
f 42/120/42 43/119/43 35/118/35 34/117/34 
f 43/124/43 44/123/44 36/122/36 35/121/35 
f 44/128/44 45/127/45 37/126/37 36/125/36 
f 46/136/46 47/135/47 39/134/39 38/133/38 
f 49/140/49 48/139/48 40/138/40 41/137/41 
f 54/164/54 55/163/55 47/162/47 46/161/46 
f 57/168/57 56/167/56 50/166/50 48/165/48 
f 56/172/56 58/171/58 51/170/51 50/169/50 
f 58/176/58 59/175/59 52/174/52 51/173/51 
f 59/180/59 60/179/60 53/178/53 52/177/52 
f 60/184/60 61/183/61 54/182/54 53/181/53 
f 63/189/63 57/188/57 48/187/48 49/186/49 62/185/62 
f 65/194/65 55/193/55 54/192/54 61/191/61 64/190/64 
f 67/199/67 15/198/15 4/197/4 1/196/1 66/195/66 
usemtl #ffddc7c7
f 16/32/16 18/31/18 3/30/3 4/29/4 
f 18/36/18 19/35/19 6/34/6 3/33/3 
f 19/40/19 20/39/20 8/38/8 6/37/6 
f 20/44/20 21/43/21 10/42/10 8/41/8 
f 21/48/21 22/47/22 12/46/12 10/45/10 
f 24/60/24 26/59/26 18/58/18 16/57/16 
f 29/76/29 30/75/30 22/74/22 21/73/21 
f 32/88/32 34/87/34 26/86/26 24/85/24 
f 35/96/35 36/95/36 28/94/28 27/93/27 
f 37/104/37 38/103/38 30/102/30 29/101/29 
f 40/116/40 42/115/42 34/114/34 32/113/32 
f 45/132/45 46/131/46 38/130/38 37/129/37 
f 48/144/48 50/143/50 42/142/42 40/141/40 
f 50/148/50 51/147/51 43/146/43 42/145/42 
f 51/152/51 52/151/52 44/150/44 43/149/43 
f 52/156/52 53/155/53 45/154/45 44/153/44 
f 53/160/53 54/159/54 46/158/46 45/157/45 
# 49 polygons
g carpet
v -573.3592858441091 1.1578502118345124 -280.16202690979844
v -574.9398182784931 3.3969722730057823 -316.83017673236805
v -529.5943002486022 1.8630855138794855 -318.7847357255812
v -528.0137678142187 4.373804676128734 -282.1165859030106
v -576.5203507128767 5.291206067269764 -353.49832655493793
v -531.174832682986 2.0611598204949235 -355.45288554815073
v -578.1008831472606 1.500783278958239 -390.166476377508
v -532.7553651173699 2.999399868035952 -392.12103537072073
v -579.6814155816442 1.816262478871094 -426.83462620007776
v -534.3358975517536 5.728214166769046 -428.7891851932907
v -581.2619480160281 5.271744544657924 -463.5027760226479
v -535.9164299861375 1.7057635980783523 -465.45733501586056
v -582.8424804504118 5.5304096234278575 -500.1709258452177
v -537.4969624205214 2.289141412466276 -502.1254848384305
v -526.4332353798347 5.075061000938425 -245.44843608044096
v -482.6682497843278 4.269879514423041 -284.07114489622325
v -481.08771734994406 1.7323018607133234 -247.4029950736537
v -484.2487822187114 4.812686215138818 -320.73929471879364
v -485.82931465309537 3.4836888864038924 -357.40744454136365
v -487.4098470874793 4.356543418549007 -394.0755943639336
v -488.99037952186313 4.503703981323276 -430.7437441865035
v -490.57091195624696 3.12780862042652 -467.41189400907336
v -492.1514443906307 2.832225316822168 -504.08004383164325
v -437.3227317544375 2.8621659208529557 -286.0257038894363
v -435.7421993200532 5.244210858057772 -249.35755406686656
v -438.9032641888212 3.3843270362856206 -322.69385371200667
v -440.48379662320485 2.124811549747503 -359.36200353457633
v -442.06432905758857 4.9287671967155475 -396.03015335714656
v -443.64486149197256 4.68892941667975 -432.6983031797164
v -445.2253939263562 1.5779012423530023 -469.3664530022861
v -446.80592636074005 2.704182589606635 -506.0346028248562
v -391.9772137245465 3.660088511637566 -287.9802628826493
v -390.3966812901626 4.154221535507799 -251.31211306007918
v -393.5577461589302 3.673863821341925 -324.64841270521924
v -395.13827859331417 2.261992580536786 -361.3165625277893
v -396.71881102769805 4.254786911379628 -397.98471235035925
v -398.2993434620818 3.817004628620956 -434.6528621729293
v -399.8798758964656 1.1937767144162326 -471.321011995499
v -401.46040833084936 4.400832606615494 -507.98916181806896
v -346.63169569465566 1.743140629683472 -289.9348218758623
v -345.0511632602718 2.118922294654789 -253.26667205329233
v -348.21222812903954 2.8914451351115202 -326.60297169843216
v -349.79276056342354 4.0752457622203355 -363.27112152100227
v -351.3732929978071 5.303358237106324 -399.93927134357193
v -352.95382543219097 2.98250380875682 -436.607421166142
v -354.5343578665747 5.570422289433154 -473.27557098871165
v -356.11489030095856 5.396787497546279 -509.94372081128165
v -301.286177664765 4.440892098500626e-16 -291.88938086907507
v -299.70564523038126 3.7681827670664845 -255.22123104650484
v -302.86671009914903 3.3124560273051786 -328.55753069164484
v -304.4472425335324 3.508440712684621 -365.2256805142148
v -306.02777496791646 2.9972754361417975 -401.89383033678484
v -307.60830740230045 5.412449335170012 -438.5619801593548
v -309.18883983668434 1.8741025504269588 -475.23012998192485
v -310.7693722710678 1.724089894134389 -511.89827980449456
v -257.52119206925806 3.434002424452517 -330.51208968485753
v -255.94065963487452 2.1148233604071534 -293.84393986228775
v -259.1017245036419 4.402512383970251 -367.1802395074277
v -260.68225693802594 5.86466616741798 -403.8483893299977
v -262.2627893724096 4.092339666698846 -440.5165391525675
v -263.84332180679365 4.4245668060921455 -477.1846889751375
v -261.4029152566374 1.083011561681242 -256.8722199112798
v -254.67029100782366 0.783213375164701 -264.3715506007805
v -265.17056128166126 3.7581619921039113 -507.9764746140437
v -275.45515495477775 3.209142350975763 -513.4204527565895
v -571.9694510082741 4.381363450850606 -247.91803692239702
v -568.5052073160651 4.841806984810419 -243.63497899178302
# 67 vertices
vt -0.603917578574185 0.6157590274828602
vt -0.6100915333959975 0.7589939877272727
vt -0.43296060359173616 0.7666289837945114
vt -0.42678664876992545 0.6233940235500952
vt -0.6100915333959975 0.7589939877272727
vt -0.6162654882178085 0.9022289479716863
vt -0.43913455841354776 0.9098639440389238
vt -0.43296060359173616 0.7666289837945114
vt -0.6162654882178085 0.9022289479716863
vt -0.6224394430396203 1.0454639082161006
vt -0.44530851323536 1.0530989042833379
vt -0.43913455841354776 0.9098639440389238
vt -0.6224394430396203 1.0454639082161006
vt -0.6286133978614314 1.1886988684605138
vt -0.4514824680571714 1.1963338645277517
vt -0.44530851323536 1.0530989042833379
vt -0.6286133978614314 1.1886988684605138
vt -0.6347873526832433 1.3319338287049283
vt -0.4576564228789832 1.3395688247721653
vt -0.4514824680571714 1.1963338645277517
vt -0.6347873526832433 1.3319338287049283
vt -0.6409613075050551 1.4751687889493417
vt -0.4638303777007957 1.4828037850165792
vt -0.4576564228789832 1.3395688247721653
vt -0.42061269394811296 0.4801590633056825
vt -0.42678664876992545 0.6233940235500952
vt -0.2496557189656643 0.6310290196173322
vt -0.2434817641438527 0.48779405937291975
vt -0.42678664876992545 0.6233940235500952
vt -0.43296060359173616 0.7666289837945114
vt -0.25582967378747523 0.7742639798617477
vt -0.2496557189656643 0.6310290196173322
vt -0.43296060359173616 0.7666289837945114
vt -0.43913455841354776 0.9098639440389238
vt -0.2620036286092875 0.9174989401061616
vt -0.25582967378747523 0.7742639798617477
vt -0.43913455841354776 0.9098639440389238
vt -0.44530851323536 1.0530989042833379
vt -0.26817758343109976 1.0607339003505756
vt -0.2620036286092875 0.9174989401061616
vt -0.44530851323536 1.0530989042833379
vt -0.4514824680571714 1.1963338645277517
vt -0.2743515382529116 1.2039688605949892
vt -0.26817758343109976 1.0607339003505756
vt -0.4514824680571714 1.1963338645277517
vt -0.4576564228789832 1.3395688247721653
vt -0.2805254930747234 1.3472038208394028
vt -0.2743515382529116 1.2039688605949892
vt -0.4576564228789832 1.3395688247721653
vt -0.4638303777007957 1.4828037850165792
vt -0.2866994478965348 1.4904387810838164
vt -0.2805254930747234 1.3472038208394028
vt -0.2434817641438527 0.48779405937291975
vt -0.2496557189656643 0.6310290196173322
vt -0.0725247891614052 0.6386640156845704
vt -0.06635083433959149 0.4954290554401575
vt -0.2496557189656643 0.6310290196173322
vt -0.25582967378747523 0.7742639798617477
vt -0.07869874398321647 0.781898975928986
vt -0.0725247891614052 0.6386640156845704
vt -0.25582967378747523 0.7742639798617477
vt -0.2620036286092875 0.9174989401061616
vt -0.08487269880502768 0.9251339361733988
vt -0.07869874398321647 0.781898975928986
vt -0.2620036286092875 0.9174989401061616
vt -0.26817758343109976 1.0607339003505756
vt -0.09104665362683911 1.0683688964178137
vt -0.08487269880502768 0.9251339361733988
vt -0.26817758343109976 1.0607339003505756
vt -0.2743515382529116 1.2039688605949892
vt -0.0972206084486516 1.2116038566622271
vt -0.09104665362683911 1.0683688964178137
vt -0.2743515382529116 1.2039688605949892
vt -0.2805254930747234 1.3472038208394028
vt -0.10339456327046281 1.35483881690664
vt -0.0972206084486516 1.2116038566622271
vt -0.2805254930747234 1.3472038208394028
vt -0.2866994478965348 1.4904387810838164
vt -0.10956851809227458 1.4980737771510546
vt -0.10339456327046281 1.35483881690664
vt -0.06635083433959149 0.4954290554401575
vt -0.0725247891614052 0.6386640156845704
vt 0.10460614064285653 0.6462990117518088
vt 0.11078009546466866 0.5030640515073943
vt -0.0725247891614052 0.6386640156845704
vt -0.07869874398321647 0.781898975928986
vt 0.09843218582104521 0.7895339719962227
vt 0.10460614064285653 0.6462990117518088
vt -0.07869874398321647 0.781898975928986
vt -0.08487269880502768 0.9251339361733988
vt 0.09225823099923289 0.932768932240637
vt 0.09843218582104521 0.7895339719962227
vt -0.08487269880502768 0.9251339361733988
vt -0.09104665362683911 1.0683688964178137
vt 0.08608427617742079 1.0760038924850508
vt 0.09225823099923289 0.932768932240637
vt -0.09104665362683911 1.0683688964178137
vt -0.0972206084486516 1.2116038566622271
vt 0.07991032135560916 1.219238852729465
vt 0.08608427617742079 1.0760038924850508
vt -0.0972206084486516 1.2116038566622271
vt -0.10339456327046281 1.35483881690664
vt 0.07373636653379764 1.362473812973878
vt 0.07991032135560916 1.219238852729465
vt -0.10339456327046281 1.35483881690664
vt -0.10956851809227458 1.4980737771510546
vt 0.06756241171198599 1.5057087732182919
vt 0.07373636653379764 1.362473812973878
vt 0.11078009546466866 0.5030640515073943
vt 0.10460614064285653 0.6462990117518088
vt 0.2817370704471176 0.6539340078190471
vt 0.2879110252689296 0.5106990475746331
vt 0.10460614064285653 0.6462990117518088
vt 0.09843218582104521 0.7895339719962227
vt 0.2755631156253055 0.7971689680634607
vt 0.2817370704471176 0.6539340078190471
vt 0.09843218582104521 0.7895339719962227
vt 0.09225823099923289 0.932768932240637
vt 0.269389160803493 0.9404039283078751
vt 0.2755631156253055 0.7971689680634607
vt 0.09225823099923289 0.932768932240637
vt 0.08608427617742079 1.0760038924850508
vt 0.26321520598168235 1.0836388885522878
vt 0.269389160803493 0.9404039283078751
vt 0.08608427617742079 1.0760038924850508
vt 0.07991032135560916 1.219238852729465
vt 0.25704125115987025 1.2268738487967021
vt 0.26321520598168235 1.0836388885522878
vt 0.07991032135560916 1.219238852729465
vt 0.07373636653379764 1.362473812973878
vt 0.2508672963380589 1.3701088090411149
vt 0.25704125115987025 1.2268738487967021
vt 0.07373636653379764 1.362473812973878
vt 0.06756241171198599 1.5057087732182919
vt 0.24469334151624683 1.513343769285529
vt 0.2508672963380589 1.3701088090411149
vt 0.2879110252689296 0.5106990475746331
vt 0.2817370704471176 0.6539340078190471
vt 0.4588680002513781 0.6615690038862845
vt 0.46504195507318946 0.5183340436418695
vt 0.2817370704471176 0.6539340078190471
vt 0.2755631156253055 0.7971689680634607
vt 0.4526940454295654 0.8048039641306977
vt 0.4588680002513781 0.6615690038862845
vt 0.2755631156253055 0.7971689680634607
vt 0.269389160803493 0.9404039283078751
vt 0.4465200906077553 0.9480389243751115
vt 0.4526940454295654 0.8048039641306977
vt 0.269389160803493 0.9404039283078751
vt 0.26321520598168235 1.0836388885522878
vt 0.4403461357859425 1.0912738846195258
vt 0.4465200906077553 0.9480389243751115
vt 0.26321520598168235 1.0836388885522878
vt 0.25704125115987025 1.2268738487967021
vt 0.4341721809641301 1.2345088448639396
vt 0.4403461357859425 1.0912738846195258
vt 0.25704125115987025 1.2268738487967021
vt 0.2508672963380589 1.3701088090411149
vt 0.427998226142318 1.377743805108354
vt 0.4341721809641301 1.2345088448639396
vt 0.2508672963380589 1.3701088090411149
vt 0.24469334151624683 1.513343769285529
vt 0.4218242713205075 1.5209787653527669
vt 0.427998226142318 1.377743805108354
vt 0.4588680002513781 0.6615690038862845
vt 0.4526940454295654 0.8048039641306977
vt 0.629824975233827 0.8124389601979348
vt 0.6359989300556377 0.6692039999535215
vt 0.4526940454295654 0.8048039641306977
vt 0.4465200906077553 0.9480389243751115
vt 0.6236510204120153 0.9556739204423494
vt 0.629824975233827 0.8124389601979348
vt 0.4465200906077553 0.9480389243751115
vt 0.4403461357859425 1.0912738846195258
vt 0.6174770655902024 1.0989088806867635
vt 0.6236510204120153 0.9556739204423494
vt 0.4403461357859425 1.0912738846195258
vt 0.4341721809641301 1.2345088448639396
vt 0.6113031107683913 1.2421438409311767
vt 0.6174770655902024 1.0989088806867635
vt 0.4341721809641301 1.2345088448639396
vt 0.427998226142318 1.377743805108354
vt 0.6051291559465786 1.3853788011755908
vt 0.6113031107683913 1.2421438409311767
vt 0.6146619940331264 0.5247832188948967
vt 0.46504195507318946 0.5183340436418695
vt 0.4588680002513781 0.6615690038862845
vt 0.6359989300556377 0.6692039999535215
vt 0.6409613075050551 0.5540774794007588
vt 0.599944626747877 1.5056592138275682
vt 0.6051291559465786 1.3853788011755908
vt 0.427998226142318 1.377743805108354
vt 0.4218242713205075 1.5209787653527669
vt 0.5597704327122656 1.5269247534468877
vt -0.5984885362467045 0.48980594159457336
vt -0.603917578574185 0.6157590274828602
vt -0.42678664876992545 0.6233940235500952
vt -0.42061269394811296 0.4801590633056825
vt -0.5849563343240132 0.4730752465531124
# 199 uvs
vn -0.029713077629651814 0.9986683043013219 -0.03018270523822028
vn 0.017447524473752668 0.9990214701368807 0.011636342632096027
vn -0.01156806081610007 0.9989792880729237 -0.003860341137949658
vn -0.013225331751838307 0.9988637020236406 -0.01561101295441538
vn 0.03546523501412061 0.9986429715360364 -0.00671661684172814
vn -0.0018245430016832131 0.9988093719734858 -0.00019649820256902907
vn -0.02012223696910569 0.9982192922983544 0.002140823622021625
vn -0.01738123663155166 0.9987246386350249 0.01735164046006456
vn -0.03087563745986178 0.9986684848705247 0.018166662971010848
vn -0.016712666650806188 0.998468393715684 0.0005817187855048644
vn 0.03552914036052283 0.9985488572873129 0.00032768879414988607
vn 0.011069354457744082 0.9985400277762106 -0.016919826317331476
vn 0.07519850092705617 0.997134804821796 0.008207708043201253
vn 0.026872161311408932 0.9984464412788339 0.006527912352400843
vn -0.000893035517431192 0.9982414677361361 -0.01706661840012511
vn 0.0038208168496919213 0.9993136572515375 0.003544292788787892
vn 0.007954980963970253 0.9993485256608252 0.013224175161167891
vn -0.005055413834787913 0.9990475175356454 -0.01552147283431054
vn -0.009575428106286444 0.9988926580664848 0.006434982467808976
vn -0.006717504032757381 0.9992837044885368 0.028457242649547677
vn -0.0002817612024683261 0.9986314152193935 -0.02412583678436611
vn 0.0011331124474561367 0.9987130668762736 -0.029855452160031198
vn -0.0012518849580823652 0.999761642386905 0.00767793352711826
vn -0.0003421547887253887 0.9995665282942773 -0.003797303206095927
vn -0.010767661957037124 0.9994786408323728 -0.01807012787173117
vn 0.010758292829162481 0.9993862193725136 -0.012923641587833748
vn 0.010592714421366252 0.9987002085303718 0.01046313938620286
vn 0.006931853155728122 0.9990854032730389 0.02591046835565045
vn 0.0077532902017856745 0.9986673177049465 -0.037711737055563355
vn 0.0074647574512546454 0.9982039324667864 -0.01749775789412348
vn 0.003534445246400295 0.9989616419978593 0.034999811626568116
vn 0.015797768825589413 0.9993865570590151 -0.007654581254340681
vn 0.02223517230236779 0.9991057967872156 -0.026477759820278557
vn 0.00024572801517688163 0.9996481878787515 -0.004102494989585716
vn -0.009649742399936653 0.9989139991665231 0.017818742304218916
vn -0.002054802377799246 0.9988755265384919 0.015662362775507983
vn -0.003976679026453215 0.9988028600661262 -0.03114239332584911
vn -0.024408144500069513 0.9979175208429756 0.0065041101886477385
vn -0.03454196022141506 0.9977814347243243 0.051606660680803204
vn 0.022264347458163296 0.998719861492901 0.0011098732452478246
vn 0.020774370301012583 0.9986966298610225 -0.03502865017000176
vn 0.009610982706404021 0.9993097454344323 0.022647237395614025
vn -0.0016517990731830957 0.9994370717018602 0.01740318509141739
vn -0.0007055030889370031 0.9993213820212986 0.004361165034635767
vn -0.007719429404609205 0.9995870960709803 -0.012102792355908656
vn -0.0005382831876775927 0.998293680102491 0.005877829293279914
vn 0.011722525199849447 0.9970581864459831 0.017923281315544538
vn 0.0011302723083585191 0.9984027132902602 0.008913821079886577
vn 0.004616199437771001 0.9989219777338368 -0.044133589210885574
vn -0.003197601757668508 0.9988501551885904 0.039739421663989
vn -0.004214838783717386 0.9995361395537767 0.014534945376762433
vn -0.006684334403878549 0.999581378038571 0.008482207866925408
vn -0.004996366254616311 0.9996473787326778 -0.011429552522891653
vn 0.00723773836826321 0.998549115794187 -0.01874210601101513
vn 0.015489669311153666 0.9977108126231038 -0.009212970038601734
vn -0.016169480119739284 0.9987626855831162 0.04014074097262027
vn -0.005609083497571312 0.99857397588131 0.016021245820974257
vn -0.025647528258760245 0.99943526069817 0.015521070905750067
vn -0.028725745468454963 0.9994376625708283 0.012097902505282199
vn -0.016027638719678047 0.9993861779236983 -0.01676328104326861
vn -0.032537104450819775 0.9988329836232092 -0.026779697334297206
vn 0.010628044801060143 0.9994342102971585 -0.031910875127485375
vn 0.010628044801060143 0.9994342102971585 -0.031910875127485375
vn -0.0496681143249487 0.9987100448451096 -0.010551054207186274
vn -0.0496681143249487 0.9987100448451096 -0.010551054207186274
vn -0.04075731495406942 0.997515086792466 -0.05746732027120897
vn -0.04075731495406942 0.997515086792466 -0.05746732027120897
# 67 normals
usemtl #ffe99898
f 71/203/71 70/202/70 69/201/69 68/200/68 
f 70/207/70 73/206/73 72/205/72 69/204/69 
f 73/211/73 75/210/75 74/209/74 72/208/72 
f 75/215/75 77/214/77 76/213/76 74/212/74 
f 77/219/77 79/218/79 78/217/78 76/216/76 
f 79/223/79 81/222/81 80/221/80 78/220/78 
f 84/227/84 83/226/83 71/225/71 82/224/82 
f 89/251/89 90/250/90 81/249/81 79/248/79 
f 92/255/92 91/254/91 83/253/83 84/252/84 
f 93/263/93 94/262/94 86/261/86 85/260/85 
f 94/267/94 95/266/95 87/265/87 86/264/86 
f 95/271/95 96/270/96 88/269/88 87/268/87 
f 97/279/97 98/278/98 90/277/90 89/276/89 
f 100/283/100 99/282/99 91/281/91 92/280/92 
f 101/291/101 102/290/102 94/289/94 93/288/93 
f 103/299/103 104/298/104 96/297/96 95/296/95 
f 105/307/105 106/306/106 98/305/98 97/304/97 
f 108/311/108 107/310/107 99/309/99 100/308/100 
f 109/319/109 110/318/110 102/317/102 101/316/101 
f 110/323/110 111/322/111 103/321/103 102/320/102 
f 111/327/111 112/326/112 104/325/104 103/324/103 
f 113/335/113 114/334/114 106/333/106 105/332/105 
f 116/339/116 115/338/115 107/337/107 108/336/108 
f 121/363/121 122/362/122 114/361/114 113/360/113 
f 124/367/124 123/366/123 117/365/117 115/364/115 
f 123/371/123 125/370/125 118/369/118 117/368/117 
f 125/375/125 126/374/126 119/373/119 118/372/118 
f 126/379/126 127/378/127 120/377/120 119/376/119 
f 127/383/127 128/382/128 121/381/121 120/380/120 
f 130/388/130 124/387/124 115/386/115 116/385/116 129/384/129 
f 132/393/132 122/392/122 121/391/121 128/390/128 131/389/131 
f 134/398/134 82/397/82 71/396/71 68/395/68 133/394/133 
usemtl #ffddc7c7
f 83/231/83 85/230/85 70/229/70 71/228/71 
f 85/235/85 86/234/86 73/233/73 70/232/70 
f 86/239/86 87/238/87 75/237/75 73/236/73 
f 87/243/87 88/242/88 77/241/77 75/240/75 
f 88/247/88 89/246/89 79/245/79 77/244/77 
f 91/259/91 93/258/93 85/257/85 83/256/83 
f 96/275/96 97/274/97 89/273/89 88/272/88 
f 99/287/99 101/286/101 93/285/93 91/284/91 
f 102/295/102 103/294/103 95/293/95 94/292/94 
f 104/303/104 105/302/105 97/301/97 96/300/96 
f 107/315/107 109/314/109 101/313/101 99/312/99 
f 112/331/112 113/330/113 105/329/105 104/328/104 
f 115/343/115 117/342/117 109/341/109 107/340/107 
f 117/347/117 118/346/118 110/345/110 109/344/109 
f 118/351/118 119/350/119 111/349/111 110/348/110 
f 119/355/119 120/354/120 112/353/112 111/352/111 
f 120/359/120 121/358/121 113/357/113 112/356/112 
# 49 polygons
g carpet
v -553.7978760431295 1.1578502118345124 -56.380582763666325
v -555.3784084775134 3.3969722730057823 -93.04873258623594
v -510.0328904476225 1.8630855138794855 -95.00329157944904
v -508.45235801323895 4.373804676128734 -58.335141756878514
v -556.958940911897 5.291206067269764 -129.71688240880582
v -511.61342288200626 2.0611598204949235 -131.67144140201862
v -558.5394733462808 1.500783278958239 -166.3850322313759
v -513.1939553163902 2.999399868035952 -168.33959122458864
v -560.1200057806645 1.816262478871094 -203.05318205394568
v -514.7744877507739 5.728214166769046 -205.00774104715853
v -561.7005382150483 5.271744544657924 -239.72133187651576
v -516.3550201851577 1.7057635980783523 -241.67589086972845
v -563.2810706494322 5.5304096234278575 -276.3894816990856
v -517.9355526195418 2.289141412466276 -278.3440406922984
v -506.87182557885495 5.075061000938425 -21.66699193430884
v -463.1068399833481 4.269879514423041 -60.28970075009116
v -461.5263075489643 1.7323018607133234 -23.621550927521582
v -464.6873724177317 4.812686215138818 -96.95785057266153
v -466.26790485211563 3.4836888864038924 -133.6260003952315
v -467.8484372864996 4.356543418549007 -170.29415021780147
v -469.4289697208834 4.503703981323276 -206.96230004037136
v -471.0095021552672 3.12780862042652 -243.63044986294125
v -472.59003458965094 2.832225316822168 -280.29859968551114
v -417.76132195345775 2.8621659208529557 -62.24425974330417
v -416.18078951907347 5.244210858057772 -25.57610992073444
v -419.34185438784147 3.3843270362856206 -98.91240956587457
v -420.9223868222251 2.124811549747503 -135.58055938844421
v -422.50291925660883 4.9287671967155475 -172.24870921101444
v -424.08345169099283 4.68892941667975 -208.9168590335843
v -425.6639841253765 1.5779012423530023 -245.585008856154
v -427.2445165597603 2.704182589606635 -282.2531586787241
v -372.4158039235668 3.660088511637566 -64.19881873651717
v -370.83527148918284 4.154221535507799 -27.530668913947068
v -373.99633635795044 3.673863821341925 -100.86696855908713
v -375.57686879233444 2.261992580536786 -137.53511838165718
v -377.1574012267183 4.254786911379628 -174.2032682042271
v -378.7379336611021 3.817004628620956 -210.8714180267972
v -380.31846609548586 1.1937767144162326 -247.5395678493669
v -381.89899852986963 4.400832606615494 -284.20771767193685
v -327.07028589367593 1.743140629683472 -66.15337772973018
v -325.48975345929205 2.118922294654789 -29.48522790716021
v -328.6508183280598 2.8914451351115202 -102.82152755230007
v -330.2313507624438 4.0752457622203355 -139.48967737487015
v -331.81188319682735 5.303358237106324 -176.15782719743981
v -333.39241563121124 2.98250380875682 -212.82597702000987
v -334.97294806559495 5.570422289433154 -249.49412684257953
v -336.55348049997883 5.396787497546279 -286.16227666514953
v -281.72476786378525 4.440892098500626e-16 -68.10793672294297
v -280.14423542940153 3.7681827670664845 -31.439786900372724
v -283.3053002981693 3.3124560273051786 -104.77608654551274
v -284.8858327325527 3.508440712684621 -141.44423636808267
v -286.4663651669367 2.9972754361417975 -178.11238619065273
v -288.0468976013207 5.412449335170012 -214.78053601322267
v -289.6274300357046 1.8741025504269588 -251.4486858357927
v -291.2079624700881 1.724089894134389 -288.11683565836245
v -237.95978226827833 3.434002424452517 -106.73064553872544
v -236.3792498338948 2.1148233604071534 -70.06249571615564
v -239.54031470266213 4.402512383970251 -143.39879536129558
v -241.1208471370462 5.86466616741798 -180.06694518386556
v -242.70137957142987 4.092339666698846 -216.73509500643536
v -244.28191200581392 4.4245668060921455 -253.40324482900536
v -241.84150545565768 1.083011561681242 -33.09077576514767
v -235.10888120684393 0.783213375164701 -40.59010645464838
v -245.60915148068153 3.7581619921039113 -284.1950304679116
v -255.89374515379805 3.209142350975763 -289.6390086104574
v -552.4080412072944 4.381363450850606 -24.136592776264905
v -548.9437975150854 4.841806984810419 -19.8535348456509
# 67 vertices
vt -0.603917578574185 0.6157590274828602
vt -0.6100915333959975 0.7589939877272727
vt -0.43296060359173616 0.7666289837945114
vt -0.42678664876992545 0.6233940235500952
vt -0.6100915333959975 0.7589939877272727
vt -0.6162654882178085 0.9022289479716863
vt -0.43913455841354776 0.9098639440389238
vt -0.43296060359173616 0.7666289837945114
vt -0.6162654882178085 0.9022289479716863
vt -0.6224394430396203 1.0454639082161006
vt -0.44530851323536 1.0530989042833379
vt -0.43913455841354776 0.9098639440389238
vt -0.6224394430396203 1.0454639082161006
vt -0.6286133978614314 1.1886988684605138
vt -0.4514824680571714 1.1963338645277517
vt -0.44530851323536 1.0530989042833379
vt -0.6286133978614314 1.1886988684605138
vt -0.6347873526832433 1.3319338287049283
vt -0.4576564228789832 1.3395688247721653
vt -0.4514824680571714 1.1963338645277517
vt -0.6347873526832433 1.3319338287049283
vt -0.6409613075050551 1.4751687889493417
vt -0.4638303777007957 1.4828037850165792
vt -0.4576564228789832 1.3395688247721653
vt -0.42061269394811296 0.4801590633056825
vt -0.42678664876992545 0.6233940235500952
vt -0.2496557189656643 0.6310290196173322
vt -0.2434817641438527 0.48779405937291975
vt -0.42678664876992545 0.6233940235500952
vt -0.43296060359173616 0.7666289837945114
vt -0.25582967378747523 0.7742639798617477
vt -0.2496557189656643 0.6310290196173322
vt -0.43296060359173616 0.7666289837945114
vt -0.43913455841354776 0.9098639440389238
vt -0.2620036286092875 0.9174989401061616
vt -0.25582967378747523 0.7742639798617477
vt -0.43913455841354776 0.9098639440389238
vt -0.44530851323536 1.0530989042833379
vt -0.26817758343109976 1.0607339003505756
vt -0.2620036286092875 0.9174989401061616
vt -0.44530851323536 1.0530989042833379
vt -0.4514824680571714 1.1963338645277517
vt -0.2743515382529116 1.2039688605949892
vt -0.26817758343109976 1.0607339003505756
vt -0.4514824680571714 1.1963338645277517
vt -0.4576564228789832 1.3395688247721653
vt -0.2805254930747234 1.3472038208394028
vt -0.2743515382529116 1.2039688605949892
vt -0.4576564228789832 1.3395688247721653
vt -0.4638303777007957 1.4828037850165792
vt -0.2866994478965348 1.4904387810838164
vt -0.2805254930747234 1.3472038208394028
vt -0.2434817641438527 0.48779405937291975
vt -0.2496557189656643 0.6310290196173322
vt -0.0725247891614052 0.6386640156845704
vt -0.06635083433959149 0.4954290554401575
vt -0.2496557189656643 0.6310290196173322
vt -0.25582967378747523 0.7742639798617477
vt -0.07869874398321647 0.781898975928986
vt -0.0725247891614052 0.6386640156845704
vt -0.25582967378747523 0.7742639798617477
vt -0.2620036286092875 0.9174989401061616
vt -0.08487269880502768 0.9251339361733988
vt -0.07869874398321647 0.781898975928986
vt -0.2620036286092875 0.9174989401061616
vt -0.26817758343109976 1.0607339003505756
vt -0.09104665362683911 1.0683688964178137
vt -0.08487269880502768 0.9251339361733988
vt -0.26817758343109976 1.0607339003505756
vt -0.2743515382529116 1.2039688605949892
vt -0.0972206084486516 1.2116038566622271
vt -0.09104665362683911 1.0683688964178137
vt -0.2743515382529116 1.2039688605949892
vt -0.2805254930747234 1.3472038208394028
vt -0.10339456327046281 1.35483881690664
vt -0.0972206084486516 1.2116038566622271
vt -0.2805254930747234 1.3472038208394028
vt -0.2866994478965348 1.4904387810838164
vt -0.10956851809227458 1.4980737771510546
vt -0.10339456327046281 1.35483881690664
vt -0.06635083433959149 0.4954290554401575
vt -0.0725247891614052 0.6386640156845704
vt 0.10460614064285653 0.6462990117518088
vt 0.11078009546466866 0.5030640515073943
vt -0.0725247891614052 0.6386640156845704
vt -0.07869874398321647 0.781898975928986
vt 0.09843218582104521 0.7895339719962227
vt 0.10460614064285653 0.6462990117518088
vt -0.07869874398321647 0.781898975928986
vt -0.08487269880502768 0.9251339361733988
vt 0.09225823099923289 0.932768932240637
vt 0.09843218582104521 0.7895339719962227
vt -0.08487269880502768 0.9251339361733988
vt -0.09104665362683911 1.0683688964178137
vt 0.08608427617742079 1.0760038924850508
vt 0.09225823099923289 0.932768932240637
vt -0.09104665362683911 1.0683688964178137
vt -0.0972206084486516 1.2116038566622271
vt 0.07991032135560916 1.219238852729465
vt 0.08608427617742079 1.0760038924850508
vt -0.0972206084486516 1.2116038566622271
vt -0.10339456327046281 1.35483881690664
vt 0.07373636653379764 1.362473812973878
vt 0.07991032135560916 1.219238852729465
vt -0.10339456327046281 1.35483881690664
vt -0.10956851809227458 1.4980737771510546
vt 0.06756241171198599 1.5057087732182919
vt 0.07373636653379764 1.362473812973878
vt 0.11078009546466866 0.5030640515073943
vt 0.10460614064285653 0.6462990117518088
vt 0.2817370704471176 0.6539340078190471
vt 0.2879110252689296 0.5106990475746331
vt 0.10460614064285653 0.6462990117518088
vt 0.09843218582104521 0.7895339719962227
vt 0.2755631156253055 0.7971689680634607
vt 0.2817370704471176 0.6539340078190471
vt 0.09843218582104521 0.7895339719962227
vt 0.09225823099923289 0.932768932240637
vt 0.269389160803493 0.9404039283078751
vt 0.2755631156253055 0.7971689680634607
vt 0.09225823099923289 0.932768932240637
vt 0.08608427617742079 1.0760038924850508
vt 0.26321520598168235 1.0836388885522878
vt 0.269389160803493 0.9404039283078751
vt 0.08608427617742079 1.0760038924850508
vt 0.07991032135560916 1.219238852729465
vt 0.25704125115987025 1.2268738487967021
vt 0.26321520598168235 1.0836388885522878
vt 0.07991032135560916 1.219238852729465
vt 0.07373636653379764 1.362473812973878
vt 0.2508672963380589 1.3701088090411149
vt 0.25704125115987025 1.2268738487967021
vt 0.07373636653379764 1.362473812973878
vt 0.06756241171198599 1.5057087732182919
vt 0.24469334151624683 1.513343769285529
vt 0.2508672963380589 1.3701088090411149
vt 0.2879110252689296 0.5106990475746331
vt 0.2817370704471176 0.6539340078190471
vt 0.4588680002513781 0.6615690038862845
vt 0.46504195507318946 0.5183340436418695
vt 0.2817370704471176 0.6539340078190471
vt 0.2755631156253055 0.7971689680634607
vt 0.4526940454295654 0.8048039641306977
vt 0.4588680002513781 0.6615690038862845
vt 0.2755631156253055 0.7971689680634607
vt 0.269389160803493 0.9404039283078751
vt 0.4465200906077553 0.9480389243751115
vt 0.4526940454295654 0.8048039641306977
vt 0.269389160803493 0.9404039283078751
vt 0.26321520598168235 1.0836388885522878
vt 0.4403461357859425 1.0912738846195258
vt 0.4465200906077553 0.9480389243751115
vt 0.26321520598168235 1.0836388885522878
vt 0.25704125115987025 1.2268738487967021
vt 0.4341721809641301 1.2345088448639396
vt 0.4403461357859425 1.0912738846195258
vt 0.25704125115987025 1.2268738487967021
vt 0.2508672963380589 1.3701088090411149
vt 0.427998226142318 1.377743805108354
vt 0.4341721809641301 1.2345088448639396
vt 0.2508672963380589 1.3701088090411149
vt 0.24469334151624683 1.513343769285529
vt 0.4218242713205075 1.5209787653527669
vt 0.427998226142318 1.377743805108354
vt 0.4588680002513781 0.6615690038862845
vt 0.4526940454295654 0.8048039641306977
vt 0.629824975233827 0.8124389601979348
vt 0.6359989300556377 0.6692039999535215
vt 0.4526940454295654 0.8048039641306977
vt 0.4465200906077553 0.9480389243751115
vt 0.6236510204120153 0.9556739204423494
vt 0.629824975233827 0.8124389601979348
vt 0.4465200906077553 0.9480389243751115
vt 0.4403461357859425 1.0912738846195258
vt 0.6174770655902024 1.0989088806867635
vt 0.6236510204120153 0.9556739204423494
vt 0.4403461357859425 1.0912738846195258
vt 0.4341721809641301 1.2345088448639396
vt 0.6113031107683913 1.2421438409311767
vt 0.6174770655902024 1.0989088806867635
vt 0.4341721809641301 1.2345088448639396
vt 0.427998226142318 1.377743805108354
vt 0.6051291559465786 1.3853788011755908
vt 0.6113031107683913 1.2421438409311767
vt 0.6146619940331264 0.5247832188948967
vt 0.46504195507318946 0.5183340436418695
vt 0.4588680002513781 0.6615690038862845
vt 0.6359989300556377 0.6692039999535215
vt 0.6409613075050551 0.5540774794007588
vt 0.599944626747877 1.5056592138275682
vt 0.6051291559465786 1.3853788011755908
vt 0.427998226142318 1.377743805108354
vt 0.4218242713205075 1.5209787653527669
vt 0.5597704327122656 1.5269247534468877
vt -0.5984885362467045 0.48980594159457336
vt -0.603917578574185 0.6157590274828602
vt -0.42678664876992545 0.6233940235500952
vt -0.42061269394811296 0.4801590633056825
vt -0.5849563343240132 0.4730752465531124
# 199 uvs
vn -0.029713077629651814 0.9986683043013219 -0.030182705238220343
vn 0.017447524473752696 0.9990214701368807 0.011636342632096059
vn -0.011568060816100042 0.9989792880729237 -0.003860341137949648
vn -0.013225331751838315 0.9988637020236406 -0.015611012954415429
vn 0.035465235014120675 0.9986429715360364 -0.006716616841728057
vn -0.0018245430016831671 0.9988093719734858 -0.00019649820256901346
vn -0.020122236969105648 0.9982192922983544 0.0021408236220217362
vn -0.017381236631551625 0.9987246386350248 0.017351640460064578
vn -0.030875637459861875 0.9986684848705245 0.018166662971010925
vn -0.016712666650806264 0.9984683937156837 0.0005817187855048367
vn 0.03552914036052283 0.9985488572873127 0.00032768879414972474
vn 0.011069354457744042 0.9985400277762104 -0.016919826317331587
vn 0.07519850092705642 0.997134804821796 0.008207708043200913
vn 0.026872161311409046 0.9984464412788339 0.0065279123524006905
vn -0.0008930355174311885 0.9982414677361361 -0.017066618400125202
vn 0.003820816849691944 0.9993136572515375 0.0035442927887878828
vn 0.00795498096397026 0.9993485256608252 0.013224175161167844
vn -0.005055413834787893 0.9990475175356454 -0.015521472834310535
vn -0.009575428106286386 0.9988926580664848 0.006434982467808964
vn -0.0067175040327573125 0.9992837044885368 0.028457242649547652
vn -0.0002817612024683504 0.9986314152193935 -0.024125836784366174
vn 0.0011331124474560916 0.9987130668762736 -0.029855452160031232
vn -0.0012518849580823825 0.9997616423869049 0.007677933527118265
vn -0.0003421547887253458 0.9995665282942773 -0.003797303206095906
vn -0.010767661957037078 0.9994786408323728 -0.01807012787173115
vn 0.010758292829162488 0.9993862193725136 -0.012923641587833738
vn 0.010592714421366268 0.9987002085303718 0.010463139386202873
vn 0.006931853155728153 0.9990854032730389 0.02591046835565046
vn 0.007753290201785659 0.9986673177049465 -0.037711737055563355
vn 0.007464757451254623 0.9982039324667864 -0.01749775789412347
vn 0.0035344452464002836 0.9989616419978593 0.034999811626568136
vn 0.015797768825589413 0.9993865570590151 -0.007654581254340674
vn 0.022235172302367785 0.9991057967872156 -0.026477759820278543
vn 0.0002457280151768734 0.9996481878787515 -0.004102494989585716
vn -0.009649742399936705 0.9989139991665231 0.017818742304218926
vn -0.002054802377799277 0.9988755265384919 0.015662362775508004
vn -0.003976679026453192 0.9988028600661262 -0.031142393325849102
vn -0.024408144500069534 0.9979175208429756 0.006504110188647768
vn -0.03454196022141513 0.9977814347243243 0.05160666068080327
vn 0.02226434745816332 0.998719861492901 0.0011098732452478385
vn 0.02077437030101257 0.9986966298610225 -0.03502865017000173
vn 0.009610982706404037 0.9993097454344323 0.022647237395614035
vn -0.0016517990731831304 0.9994370717018602 0.01740318509141741
vn -0.0007055030889370117 0.9993213820212986 0.004361165034635786
vn -0.0077194294046091985 0.9995870960709803 -0.012102792355908646
vn -0.0005382831876775927 0.998293680102491 0.005877829293279926
vn 0.011722525199849444 0.9970581864459831 0.017923281315544562
vn 0.0011302723083585426 0.9984027132902602 0.008913821079886567
vn 0.004616199437770991 0.9989219777338367 -0.044133589210885525
vn -0.00319760175766848 0.9988501551885904 0.039739421663988986
vn -0.004214838783717388 0.9995361395537767 0.014534945376762448
vn -0.0066843344038785765 0.999581378038571 0.00848220786692541
vn -0.004996366254616375 0.9996473787326778 -0.011429552522891665
vn 0.0072377383682632 0.998549115794187 -0.01874210601101513
vn 0.015489669311153715 0.9977108126231038 -0.009212970038601713
vn -0.016169480119739274 0.9987626855831162 0.040140740972620215
vn -0.00560908349757133 0.9985739758813099 0.016021245820974205
vn -0.025647528258760228 0.99943526069817 0.015521070905750084
vn -0.028725745468455004 0.9994376625708283 0.012097902505282209
vn -0.016027638719678106 0.9993861779236983 -0.01676328104326863
vn -0.0325371044508198 0.9988329836232092 -0.02677969733429721
vn 0.010628044801060105 0.9994342102971583 -0.03191087512748534
vn 0.010628044801060105 0.9994342102971583 -0.03191087512748534
vn -0.04966811432494873 0.9987100448451096 -0.01055105420718623
vn -0.04966811432494873 0.9987100448451096 -0.01055105420718623
vn -0.04075731495406936 0.997515086792466 -0.05746732027120907
vn -0.04075731495406936 0.997515086792466 -0.05746732027120907
# 67 normals
usemtl #ffe99898
f 138/402/138 137/401/137 136/400/136 135/399/135 
f 137/406/137 140/405/140 139/404/139 136/403/136 
f 140/410/140 142/409/142 141/408/141 139/407/139 
f 142/414/142 144/413/144 143/412/143 141/411/141 
f 144/418/144 146/417/146 145/416/145 143/415/143 
f 146/422/146 148/421/148 147/420/147 145/419/145 
f 151/426/151 150/425/150 138/424/138 149/423/149 
f 156/450/156 157/449/157 148/448/148 146/447/146 
f 159/454/159 158/453/158 150/452/150 151/451/151 
f 160/462/160 161/461/161 153/460/153 152/459/152 
f 161/466/161 162/465/162 154/464/154 153/463/153 
f 162/470/162 163/469/163 155/468/155 154/467/154 
f 164/478/164 165/477/165 157/476/157 156/475/156 
f 167/482/167 166/481/166 158/480/158 159/479/159 
f 168/490/168 169/489/169 161/488/161 160/487/160 
f 170/498/170 171/497/171 163/496/163 162/495/162 
f 172/506/172 173/505/173 165/504/165 164/503/164 
f 175/510/175 174/509/174 166/508/166 167/507/167 
f 176/518/176 177/517/177 169/516/169 168/515/168 
f 177/522/177 178/521/178 170/520/170 169/519/169 
f 178/526/178 179/525/179 171/524/171 170/523/170 
f 180/534/180 181/533/181 173/532/173 172/531/172 
f 183/538/183 182/537/182 174/536/174 175/535/175 
f 188/562/188 189/561/189 181/560/181 180/559/180 
f 191/566/191 190/565/190 184/564/184 182/563/182 
f 190/570/190 192/569/192 185/568/185 184/567/184 
f 192/574/192 193/573/193 186/572/186 185/571/185 
f 193/578/193 194/577/194 187/576/187 186/575/186 
f 194/582/194 195/581/195 188/580/188 187/579/187 
f 197/587/197 191/586/191 182/585/182 183/584/183 196/583/196 
f 199/592/199 189/591/189 188/590/188 195/589/195 198/588/198 
f 201/597/201 149/596/149 138/595/138 135/594/135 200/593/200 
usemtl #ffddc7c7
f 150/430/150 152/429/152 137/428/137 138/427/138 
f 152/434/152 153/433/153 140/432/140 137/431/137 
f 153/438/153 154/437/154 142/436/142 140/435/140 
f 154/442/154 155/441/155 144/440/144 142/439/142 
f 155/446/155 156/445/156 146/444/146 144/443/144 
f 158/458/158 160/457/160 152/456/152 150/455/150 
f 163/474/163 164/473/164 156/472/156 155/471/155 
f 166/486/166 168/485/168 160/484/160 158/483/158 
f 169/494/169 170/493/170 162/492/162 161/491/161 
f 171/502/171 172/501/172 164/500/164 163/499/163 
f 174/514/174 176/513/176 168/512/168 166/511/166 
f 179/530/179 180/529/180 172/528/172 171/527/171 
f 182/542/182 184/541/184 176/540/176 174/539/174 
f 184/546/184 185/545/185 177/544/177 176/543/176 
f 185/550/185 186/549/186 178/548/178 177/547/177 
f 186/554/186 187/553/187 179/552/179 178/551/178 
f 187/558/187 188/557/188 180/556/180 179/555/179 
# 49 polygons
g carpet
v -534.1355512099544 1.1578502118345124 139.47505161385652
v -535.7160836443385 3.3969722730057823 102.8069017912869
v -490.37056561444757 1.8630855138794855 100.8523427980738
v -488.79003318006403 4.373804676128734 137.52049262064435
v -537.2966160787221 5.291206067269764 66.13875196871703
v -491.95109804883134 2.0611598204949235 64.18419297550423
v -538.8771485131059 1.500783278958239 29.470602146146952
v -493.5316304832153 2.999399868035952 27.516043152934206
v -540.4576809474895 1.816262478871094 -7.197547676422829
v -495.112162917599 5.728214166769046 -9.152106669635693
v -542.0382133818734 5.271744544657924 -43.865697498992915
v -496.6926953519828 1.7057635980783523 -45.82025649220559
v -543.6187458162572 5.5304096234278575 -80.53384732156275
v -498.2732277863668 2.289141412466276 -82.48840631477556
v -487.20950074568003 5.075061000938425 174.188642443214
v -443.4445151501732 4.269879514423041 135.5659336274317
v -441.8639827157894 1.7323018607133234 172.23408345000126
v -445.0250475845568 4.812686215138818 98.89778380486132
v -446.6055800189407 3.4836888864038924 62.22963398229134
v -448.18611245332465 4.356543418549007 25.561484159721374
v -449.7666448877085 4.503703981323276 -11.106665662848513
v -451.3471773220923 3.12780862042652 -47.7748154854184
v -452.927709756476 2.832225316822168 -84.44296530798832
v -398.09899712028283 2.8621659208529557 133.6113746342187
v -396.51846468589855 5.244210858057772 170.2795244567884
v -399.67952955466654 3.3843270362856206 96.94322481164828
v -401.2600619890502 2.124811549747503 60.27507498907865
v -402.8405944234339 4.9287671967155475 23.606925166508418
v -404.4211268578179 4.68892941667975 -13.061224656061448
v -406.00165929220157 1.5779012423530023 -49.72937447863116
v -407.5821917265854 2.704182589606635 -86.39752430120126
v -352.75347909039186 3.660088511637566 131.65681564100566
v -351.1729466560079 4.154221535507799 168.32496546357578
v -354.3340115247755 3.673863821341925 94.98866581843572
v -355.9145439591595 2.261992580536786 58.32051599586568
v -357.4950763935434 4.254786911379628 21.65236617329574
v -359.07560882792717 3.817004628620956 -15.01578364927434
v -360.65614126231094 1.1937767144162326 -51.68393347184407
v -362.2366736966947 4.400832606615494 -88.35208329441403
v -307.407961060501 1.743140629683472 129.70225664779267
v -305.8274286261171 2.118922294654789 166.37040647036264
v -308.9884934948849 2.8914451351115202 93.03410682522278
v -310.5690259292689 4.0752457622203355 56.36595700265269
v -312.14955836365243 5.303358237106324 19.69780718008302
v -313.7300907980363 2.98250380875682 -16.970342642487026
v -315.31062323242 5.570422289433154 -53.638492465056686
v -316.8911556668039 5.396787497546279 -90.30664228762669
v -262.0624430306103 4.440892098500626e-16 127.74769765457988
v -260.4819105962266 3.7681827670664845 164.41584747715012
v -263.6429754649944 3.3124560273051786 91.0795478320101
v -265.22350789937775 3.508440712684621 54.41139800944016
v -266.8040403337618 2.9972754361417975 17.74324818687011
v -268.3845727681458 5.412449335170012 -18.92490163569984
v -269.9651052025297 1.8741025504269588 -55.593051458269855
v -271.54563763691317 1.724089894134389 -92.2612012808396
v -218.2974574351034 3.434002424452517 89.1249888387974
v -216.71692500071987 2.1148233604071534 125.79313866136721
v -219.8779898694872 4.402512383970251 52.45683901622728
v -221.4585223038713 5.86466616741798 15.788689193657284
v -223.03905473825495 4.092339666698846 -20.879460628912526
v -224.619587172639 4.4245668060921455 -57.54761045148253
v -222.17918062248276 1.083011561681242 162.76485861237518
v -215.446556373669 0.783213375164701 155.26552792287447
v -225.9468266475066 3.7581619921039113 -88.33939609038876
v -236.23142032062313 3.209142350975763 -93.7833742329345
v -532.7457163741194 4.381363450850606 171.71904160125794
v -529.2814726819105 4.841806984810419 176.00209953187195
# 67 vertices
vt -0.603917578574185 0.6157590274828602
vt -0.6100915333959975 0.7589939877272727
vt -0.43296060359173616 0.7666289837945114
vt -0.42678664876992545 0.6233940235500952
vt -0.6100915333959975 0.7589939877272727
vt -0.6162654882178085 0.9022289479716863
vt -0.43913455841354776 0.9098639440389238
vt -0.43296060359173616 0.7666289837945114
vt -0.6162654882178085 0.9022289479716863
vt -0.6224394430396203 1.0454639082161006
vt -0.44530851323536 1.0530989042833379
vt -0.43913455841354776 0.9098639440389238
vt -0.6224394430396203 1.0454639082161006
vt -0.6286133978614314 1.1886988684605138
vt -0.4514824680571714 1.1963338645277517
vt -0.44530851323536 1.0530989042833379
vt -0.6286133978614314 1.1886988684605138
vt -0.6347873526832433 1.3319338287049283
vt -0.4576564228789832 1.3395688247721653
vt -0.4514824680571714 1.1963338645277517
vt -0.6347873526832433 1.3319338287049283
vt -0.6409613075050551 1.4751687889493417
vt -0.4638303777007957 1.4828037850165792
vt -0.4576564228789832 1.3395688247721653
vt -0.42061269394811296 0.4801590633056825
vt -0.42678664876992545 0.6233940235500952
vt -0.2496557189656643 0.6310290196173322
vt -0.2434817641438527 0.48779405937291975
vt -0.42678664876992545 0.6233940235500952
vt -0.43296060359173616 0.7666289837945114
vt -0.25582967378747523 0.7742639798617477
vt -0.2496557189656643 0.6310290196173322
vt -0.43296060359173616 0.7666289837945114
vt -0.43913455841354776 0.9098639440389238
vt -0.2620036286092875 0.9174989401061616
vt -0.25582967378747523 0.7742639798617477
vt -0.43913455841354776 0.9098639440389238
vt -0.44530851323536 1.0530989042833379
vt -0.26817758343109976 1.0607339003505756
vt -0.2620036286092875 0.9174989401061616
vt -0.44530851323536 1.0530989042833379
vt -0.4514824680571714 1.1963338645277517
vt -0.2743515382529116 1.2039688605949892
vt -0.26817758343109976 1.0607339003505756
vt -0.4514824680571714 1.1963338645277517
vt -0.4576564228789832 1.3395688247721653
vt -0.2805254930747234 1.3472038208394028
vt -0.2743515382529116 1.2039688605949892
vt -0.4576564228789832 1.3395688247721653
vt -0.4638303777007957 1.4828037850165792
vt -0.2866994478965348 1.4904387810838164
vt -0.2805254930747234 1.3472038208394028
vt -0.2434817641438527 0.48779405937291975
vt -0.2496557189656643 0.6310290196173322
vt -0.0725247891614052 0.6386640156845704
vt -0.06635083433959149 0.4954290554401575
vt -0.2496557189656643 0.6310290196173322
vt -0.25582967378747523 0.7742639798617477
vt -0.07869874398321647 0.781898975928986
vt -0.0725247891614052 0.6386640156845704
vt -0.25582967378747523 0.7742639798617477
vt -0.2620036286092875 0.9174989401061616
vt -0.08487269880502768 0.9251339361733988
vt -0.07869874398321647 0.781898975928986
vt -0.2620036286092875 0.9174989401061616
vt -0.26817758343109976 1.0607339003505756
vt -0.09104665362683911 1.0683688964178137
vt -0.08487269880502768 0.9251339361733988
vt -0.26817758343109976 1.0607339003505756
vt -0.2743515382529116 1.2039688605949892
vt -0.0972206084486516 1.2116038566622271
vt -0.09104665362683911 1.0683688964178137
vt -0.2743515382529116 1.2039688605949892
vt -0.2805254930747234 1.3472038208394028
vt -0.10339456327046281 1.35483881690664
vt -0.0972206084486516 1.2116038566622271
vt -0.2805254930747234 1.3472038208394028
vt -0.2866994478965348 1.4904387810838164
vt -0.10956851809227458 1.4980737771510546
vt -0.10339456327046281 1.35483881690664
vt -0.06635083433959149 0.4954290554401575
vt -0.0725247891614052 0.6386640156845704
vt 0.10460614064285653 0.6462990117518088
vt 0.11078009546466866 0.5030640515073943
vt -0.0725247891614052 0.6386640156845704
vt -0.07869874398321647 0.781898975928986
vt 0.09843218582104521 0.7895339719962227
vt 0.10460614064285653 0.6462990117518088
vt -0.07869874398321647 0.781898975928986
vt -0.08487269880502768 0.9251339361733988
vt 0.09225823099923289 0.932768932240637
vt 0.09843218582104521 0.7895339719962227
vt -0.08487269880502768 0.9251339361733988
vt -0.09104665362683911 1.0683688964178137
vt 0.08608427617742079 1.0760038924850508
vt 0.09225823099923289 0.932768932240637
vt -0.09104665362683911 1.0683688964178137
vt -0.0972206084486516 1.2116038566622271
vt 0.07991032135560916 1.219238852729465
vt 0.08608427617742079 1.0760038924850508
vt -0.0972206084486516 1.2116038566622271
vt -0.10339456327046281 1.35483881690664
vt 0.07373636653379764 1.362473812973878
vt 0.07991032135560916 1.219238852729465
vt -0.10339456327046281 1.35483881690664
vt -0.10956851809227458 1.4980737771510546
vt 0.06756241171198599 1.5057087732182919
vt 0.07373636653379764 1.362473812973878
vt 0.11078009546466866 0.5030640515073943
vt 0.10460614064285653 0.6462990117518088
vt 0.2817370704471176 0.6539340078190471
vt 0.2879110252689296 0.5106990475746331
vt 0.10460614064285653 0.6462990117518088
vt 0.09843218582104521 0.7895339719962227
vt 0.2755631156253055 0.7971689680634607
vt 0.2817370704471176 0.6539340078190471
vt 0.09843218582104521 0.7895339719962227
vt 0.09225823099923289 0.932768932240637
vt 0.269389160803493 0.9404039283078751
vt 0.2755631156253055 0.7971689680634607
vt 0.09225823099923289 0.932768932240637
vt 0.08608427617742079 1.0760038924850508
vt 0.26321520598168235 1.0836388885522878
vt 0.269389160803493 0.9404039283078751
vt 0.08608427617742079 1.0760038924850508
vt 0.07991032135560916 1.219238852729465
vt 0.25704125115987025 1.2268738487967021
vt 0.26321520598168235 1.0836388885522878
vt 0.07991032135560916 1.219238852729465
vt 0.07373636653379764 1.362473812973878
vt 0.2508672963380589 1.3701088090411149
vt 0.25704125115987025 1.2268738487967021
vt 0.07373636653379764 1.362473812973878
vt 0.06756241171198599 1.5057087732182919
vt 0.24469334151624683 1.513343769285529
vt 0.2508672963380589 1.3701088090411149
vt 0.2879110252689296 0.5106990475746331
vt 0.2817370704471176 0.6539340078190471
vt 0.4588680002513781 0.6615690038862845
vt 0.46504195507318946 0.5183340436418695
vt 0.2817370704471176 0.6539340078190471
vt 0.2755631156253055 0.7971689680634607
vt 0.4526940454295654 0.8048039641306977
vt 0.4588680002513781 0.6615690038862845
vt 0.2755631156253055 0.7971689680634607
vt 0.269389160803493 0.9404039283078751
vt 0.4465200906077553 0.9480389243751115
vt 0.4526940454295654 0.8048039641306977
vt 0.269389160803493 0.9404039283078751
vt 0.26321520598168235 1.0836388885522878
vt 0.4403461357859425 1.0912738846195258
vt 0.4465200906077553 0.9480389243751115
vt 0.26321520598168235 1.0836388885522878
vt 0.25704125115987025 1.2268738487967021
vt 0.4341721809641301 1.2345088448639396
vt 0.4403461357859425 1.0912738846195258
vt 0.25704125115987025 1.2268738487967021
vt 0.2508672963380589 1.3701088090411149
vt 0.427998226142318 1.377743805108354
vt 0.4341721809641301 1.2345088448639396
vt 0.2508672963380589 1.3701088090411149
vt 0.24469334151624683 1.513343769285529
vt 0.4218242713205075 1.5209787653527669
vt 0.427998226142318 1.377743805108354
vt 0.4588680002513781 0.6615690038862845
vt 0.4526940454295654 0.8048039641306977
vt 0.629824975233827 0.8124389601979348
vt 0.6359989300556377 0.6692039999535215
vt 0.4526940454295654 0.8048039641306977
vt 0.4465200906077553 0.9480389243751115
vt 0.6236510204120153 0.9556739204423494
vt 0.629824975233827 0.8124389601979348
vt 0.4465200906077553 0.9480389243751115
vt 0.4403461357859425 1.0912738846195258
vt 0.6174770655902024 1.0989088806867635
vt 0.6236510204120153 0.9556739204423494
vt 0.4403461357859425 1.0912738846195258
vt 0.4341721809641301 1.2345088448639396
vt 0.6113031107683913 1.2421438409311767
vt 0.6174770655902024 1.0989088806867635
vt 0.4341721809641301 1.2345088448639396
vt 0.427998226142318 1.377743805108354
vt 0.6051291559465786 1.3853788011755908
vt 0.6113031107683913 1.2421438409311767
vt 0.6146619940331264 0.5247832188948967
vt 0.46504195507318946 0.5183340436418695
vt 0.4588680002513781 0.6615690038862845
vt 0.6359989300556377 0.6692039999535215
vt 0.6409613075050551 0.5540774794007588
vt 0.599944626747877 1.5056592138275682
vt 0.6051291559465786 1.3853788011755908
vt 0.427998226142318 1.377743805108354
vt 0.4218242713205075 1.5209787653527669
vt 0.5597704327122656 1.5269247534468877
vt -0.5984885362467045 0.48980594159457336
vt -0.603917578574185 0.6157590274828602
vt -0.42678664876992545 0.6233940235500952
vt -0.42061269394811296 0.4801590633056825
vt -0.5849563343240132 0.4730752465531124
# 199 uvs
vn -0.02971307762965187 0.9986683043013219 -0.030182705238220368
vn 0.01744752447375269 0.9990214701368807 0.011636342632096074
vn -0.011568060816100047 0.9989792880729237 -0.0038603411379496367
vn -0.013225331751838322 0.9988637020236406 -0.015611012954415426
vn 0.03546523501412074 0.9986429715360364 -0.00671661684172814
vn -0.0018245430016831455 0.9988093719734858 -0.00019649820256905856
vn -0.020122236969105686 0.9982192922983544 0.0021408236220216287
vn -0.01738123663155165 0.9987246386350248 0.017351640460064547
vn -0.030875637459861965 0.9986684848705247 0.018166662971010893
vn -0.016712666650806285 0.998468393715684 0.0005817187855049234
vn 0.03552914036052284 0.9985488572873129 0.00032768879414986005
vn 0.011069354457744065 0.9985400277762106 -0.016919826317331445
vn 0.07519850092705643 0.997134804821796 0.0082077080432012
vn 0.026872161311409036 0.9984464412788339 0.006527912352400831
vn -0.0008930355174312128 0.9982414677361361 -0.01706661840012523
vn 0.003820816849691949 0.9993136572515375 0.0035442927887878966
vn 0.007954980963970243 0.9993485256608252 0.013224175161167858
vn -0.005055413834787902 0.9990475175356454 -0.015521472834310521
vn -0.009575428106286414 0.9988926580664848 0.006434982467808957
vn -0.006717504032757319 0.9992837044885368 0.02845724264954766
vn -0.00028176120246832135 0.9986314152193935 -0.024125836784366077
vn 0.0011331124474561116 0.9987130668762736 -0.029855452160031156
vn -0.0012518849580824016 0.9997616423869049 0.007677933527118262
vn -0.0003421547887253588 0.9995665282942773 -0.0037973032060959182
vn -0.01076766195703712 0.9994786408323728 -0.018070127871731175
vn 0.010758292829162488 0.9993862193725137 -0.012923641587833717
vn 0.010592714421366252 0.9987002085303718 0.01046313938620288
vn 0.006931853155728147 0.9990854032730389 0.025910468355650446
vn 0.0077532902017856415 0.9986673177049467 -0.03771173705556334
vn 0.007464757451254621 0.9982039324667864 -0.017497757894123465
vn 0.0035344452464003244 0.9989616419978593 0.0349998116265681
vn 0.015797768825589406 0.9993865570590151 -0.0076545812543406845
vn 0.022235172302367795 0.9991057967872156 -0.026477759820278557
vn 0.00024572801517686775 0.9996481878787516 -0.00410249498958571
vn -0.009649742399936698 0.9989139991665231 0.017818742304218947
vn -0.00205480237779928 0.9988755265384919 0.015662362775508018
vn -0.00397667902645321 0.9988028600661262 -0.03114239332584908
vn -0.024408144500069562 0.9979175208429756 0.006504110188647772
vn -0.03454196022141516 0.9977814347243243 0.05160666068080323
vn 0.022264347458163327 0.998719861492901 0.0011098732452478367
vn 0.020774370301012608 0.9986966298610225 -0.03502865017000172
vn 0.009610982706404023 0.9993097454344323 0.02264723739561403
vn -0.0016517990731831338 0.9994370717018602 0.017403185091417417
vn -0.0007055030889370264 0.9993213820212986 0.004361165034635796
vn -0.0077194294046091716 0.9995870960709803 -0.01210279235590865
vn -0.0005382831876776448 0.998293680102491 0.005877829293279924
vn 0.011722525199849274 0.9970581864459831 0.017923281315544565
vn 0.001130272308358533 0.9984027132902602 0.008913821079886567
vn 0.004616199437770987 0.9989219777338367 -0.044133589210885525
vn -0.0031976017576684904 0.9988501551885904 0.03973942166398897
vn -0.0042148387837174 0.9995361395537767 0.014534945376762441
vn -0.006684334403878587 0.999581378038571 0.008482207866925405
vn -0.004996366254616364 0.9996473787326778 -0.01142955252289167
vn 0.007237738368263157 0.998549115794187 -0.018742106011015138
vn 0.015489669311153607 0.9977108126231038 -0.009212970038601716
vn -0.01616948011973929 0.9987626855831162 0.040140740972620215
vn -0.005609083497571372 0.9985739758813099 0.016021245820974205
vn -0.025647528258760235 0.99943526069817 0.015521070905750084
vn -0.028725745468455 0.9994376625708283 0.012097902505282202
vn -0.016027638719678126 0.9993861779236983 -0.016763281043268633
vn -0.03253710445081983 0.9988329836232092 -0.02677969733429722
vn 0.010628044801060044 0.9994342102971583 -0.03191087512748534
vn 0.010628044801060044 0.9994342102971583 -0.03191087512748534
vn -0.049668114324948734 0.9987100448451096 -0.010551054207186248
vn -0.049668114324948734 0.9987100448451096 -0.010551054207186248
vn -0.04075731495406945 0.997515086792466 -0.057467320271209155
vn -0.04075731495406945 0.997515086792466 -0.057467320271209155
# 67 normals
usemtl #ffe99898
f 205/601/205 204/600/204 203/599/203 202/598/202 
f 204/605/204 207/604/207 206/603/206 203/602/203 
f 207/609/207 209/608/209 208/607/208 206/606/206 
f 209/613/209 211/612/211 210/611/210 208/610/208 
f 211/617/211 213/616/213 212/615/212 210/614/210 
f 213/621/213 215/620/215 214/619/214 212/618/212 
f 218/625/218 217/624/217 205/623/205 216/622/216 
f 223/649/223 224/648/224 215/647/215 213/646/213 
f 226/653/226 225/652/225 217/651/217 218/650/218 
f 227/661/227 228/660/228 220/659/220 219/658/219 
f 228/665/228 229/664/229 221/663/221 220/662/220 
f 229/669/229 230/668/230 222/667/222 221/666/221 
f 231/677/231 232/676/232 224/675/224 223/674/223 
f 234/681/234 233/680/233 225/679/225 226/678/226 
f 235/689/235 236/688/236 228/687/228 227/686/227 
f 237/697/237 238/696/238 230/695/230 229/694/229 
f 239/705/239 240/704/240 232/703/232 231/702/231 
f 242/709/242 241/708/241 233/707/233 234/706/234 
f 243/717/243 244/716/244 236/715/236 235/714/235 
f 244/721/244 245/720/245 237/719/237 236/718/236 
f 245/725/245 246/724/246 238/723/238 237/722/237 
f 247/733/247 248/732/248 240/731/240 239/730/239 
f 250/737/250 249/736/249 241/735/241 242/734/242 
f 255/761/255 256/760/256 248/759/248 247/758/247 
f 258/765/258 257/764/257 251/763/251 249/762/249 
f 257/769/257 259/768/259 252/767/252 251/766/251 
f 259/773/259 260/772/260 253/771/253 252/770/252 
f 260/777/260 261/776/261 254/775/254 253/774/253 
f 261/781/261 262/780/262 255/779/255 254/778/254 
f 264/786/264 258/785/258 249/784/249 250/783/250 263/782/263 
f 266/791/266 256/790/256 255/789/255 262/788/262 265/787/265 
f 268/796/268 216/795/216 205/794/205 202/793/202 267/792/267 
usemtl #ffddc7c7
f 217/629/217 219/628/219 204/627/204 205/626/205 
f 219/633/219 220/632/220 207/631/207 204/630/204 
f 220/637/220 221/636/221 209/635/209 207/634/207 
f 221/641/221 222/640/222 211/639/211 209/638/209 
f 222/645/222 223/644/223 213/643/213 211/642/211 
f 225/657/225 227/656/227 219/655/219 217/654/217 
f 230/673/230 231/672/231 223/671/223 222/670/222 
f 233/685/233 235/684/235 227/683/227 225/682/225 
f 236/693/236 237/692/237 229/691/229 228/690/228 
f 238/701/238 239/700/239 231/699/231 230/698/230 
f 241/713/241 243/712/243 235/711/235 233/710/233 
f 246/729/246 247/728/247 239/727/239 238/726/238 
f 249/741/249 251/740/251 243/739/243 241/738/241 
f 251/745/251 252/744/252 244/743/244 243/742/243 
f 252/749/252 253/748/253 245/747/245 244/746/244 
f 253/753/253 254/752/254 246/751/246 245/750/245 
f 254/757/254 255/756/255 247/755/247 246/754/246 
# 49 polygons
g carpet
v -303.6838620014746 1.1578502118345124 161.63715850910182
v -305.26439443585855 3.3969722730057823 124.9690086865322
v -259.9188764059677 1.8630855138794855 123.01444969331911
v -258.3383439715841 4.373804676128734 159.68259951588965
v -306.84492687024215 5.291206067269764 88.30085886396233
v -261.4994088403514 2.0611598204949235 86.34629987074953
v -308.425459304626 1.500783278958239 51.63270904139225
v -263.07994127473535 2.999399868035952 49.6781500481795
v -310.0059917390097 1.816262478871094 14.964559218822473
v -264.66047370911906 5.728214166769046 13.010000225609609
v -311.5865241733935 5.271744544657924 -21.703590603747614
v -266.2410061435029 1.7057635980783523 -23.658149596960286
v -313.16705660777734 5.5304096234278575 -58.371740426317444
v -267.82153857788694 2.289141412466276 -60.32629941953026
v -256.75781153720015 5.075061000938425 196.3507493384593
v -212.99282594169327 4.269879514423041 157.728040522677
v -211.4122935073095 1.7323018607133234 194.39619034524657
v -214.57335837607687 4.812686215138818 121.05989070010662
v -216.1538908104608 3.4836888864038924 84.39174087753665
v -217.73442324484475 4.356543418549007 47.723591054966676
v -219.31495567922858 4.503703981323276 11.055441232396788
v -220.8954881136124 3.12780862042652 -25.6127085901731
v -222.47602054799611 2.832225316822168 -62.280858412743015
v -167.64730791180295 2.8621659208529557 155.773481529464
v -166.06677547741862 5.244210858057772 192.4416313520337
v -169.2278403461866 3.3843270362856206 119.10533170689358
v -170.8083727805703 2.124811549747503 82.43718188432395
v -172.38890521495404 4.9287671967155475 45.76903206175372
v -173.96943764933803 4.68892941667975 9.100882239183854
v -175.5499700837217 1.5779012423530023 -27.567267583385856
v -177.13050251810552 2.704182589606635 -64.23541740595596
v -122.30178988191193 3.660088511637566 153.81892253625097
v -120.72125744752803 4.154221535507799 190.48707235882108
v -123.88232231629564 3.673863821341925 117.15077271368102
v -125.46285475067958 2.261992580536786 80.48262289111098
v -127.0433871850635 4.254786911379628 43.81447306854104
v -128.62391961944726 3.817004628620956 7.146323245970962
v -130.204452053831 1.1937767144162326 -29.52182657659877
v -131.7849844882148 4.400832606615494 -66.18997639916873
v -76.9562718520211 1.743140629683472 151.86436354303797
v -75.37573941763723 2.118922294654789 188.53251336560794
v -78.536804286405 2.8914451351115202 115.19621372046808
v -80.117336720789 4.0752457622203355 78.528063897898
v -81.69786915517253 5.303358237106324 41.85991407532832
v -83.27840158955642 2.98250380875682 5.191764252758276
v -84.85893402394014 5.570422289433154 -31.476385569811384
v -86.43946645832402 5.396787497546279 -68.14453539238139
v -31.61075382213042 4.440892098500626e-16 149.9098045498252
v -30.030221387746707 3.7681827670664845 186.57795437239542
v -33.19128625651447 3.3124560273051786 113.24165472725541
v -34.771818690897845 3.508440712684621 76.57350490468546
v -36.35235112528193 2.9972754361417975 39.90535508211541
v -37.932883559665896 5.412449335170012 3.237205259545462
v -39.51341599404981 1.8741025504269588 -33.43094456302455
v -41.09394842843329 1.724089894134389 -70.0990943855943
v 12.154231773376495 3.434002424452517 111.28709573404271
v 13.734764207760037 2.1148233604071534 147.9552455566125
v 10.573699338992697 4.402512383970251 74.61894591147258
v 8.993166904608614 5.86466616741798 37.950796088902585
v 7.412634470224958 4.092339666698846 1.282646266332776
v 5.832102035840904 4.4245668060921455 -35.385503556237225
v 8.272508585997144 1.083011561681242 184.92696550762048
v 15.005132834810894 0.783213375164701 177.42763481811977
v 4.504862560973294 3.7581619921039113 -66.17728919514346
v -5.779731112143224 3.209142350975763 -71.6212673376892
v -302.2940271656396 4.381363450850606 193.88114849650324
v -298.82978347343055 4.841806984810419 198.16420642711725
# 67 vertices
vt -0.603917578574185 0.6157590274828602
vt -0.6100915333959975 0.7589939877272727
vt -0.43296060359173616 0.7666289837945114
vt -0.42678664876992545 0.6233940235500952
vt -0.6100915333959975 0.7589939877272727
vt -0.6162654882178085 0.9022289479716863
vt -0.43913455841354776 0.9098639440389238
vt -0.43296060359173616 0.7666289837945114
vt -0.6162654882178085 0.9022289479716863
vt -0.6224394430396203 1.0454639082161006
vt -0.44530851323536 1.0530989042833379
vt -0.43913455841354776 0.9098639440389238
vt -0.6224394430396203 1.0454639082161006
vt -0.6286133978614314 1.1886988684605138
vt -0.4514824680571714 1.1963338645277517
vt -0.44530851323536 1.0530989042833379
vt -0.6286133978614314 1.1886988684605138
vt -0.6347873526832433 1.3319338287049283
vt -0.4576564228789832 1.3395688247721653
vt -0.4514824680571714 1.1963338645277517
vt -0.6347873526832433 1.3319338287049283
vt -0.6409613075050551 1.4751687889493417
vt -0.4638303777007957 1.4828037850165792
vt -0.4576564228789832 1.3395688247721653
vt -0.42061269394811296 0.4801590633056825
vt -0.42678664876992545 0.6233940235500952
vt -0.2496557189656643 0.6310290196173322
vt -0.2434817641438527 0.48779405937291975
vt -0.42678664876992545 0.6233940235500952
vt -0.43296060359173616 0.7666289837945114
vt -0.25582967378747523 0.7742639798617477
vt -0.2496557189656643 0.6310290196173322
vt -0.43296060359173616 0.7666289837945114
vt -0.43913455841354776 0.9098639440389238
vt -0.2620036286092875 0.9174989401061616
vt -0.25582967378747523 0.7742639798617477
vt -0.43913455841354776 0.9098639440389238
vt -0.44530851323536 1.0530989042833379
vt -0.26817758343109976 1.0607339003505756
vt -0.2620036286092875 0.9174989401061616
vt -0.44530851323536 1.0530989042833379
vt -0.4514824680571714 1.1963338645277517
vt -0.2743515382529116 1.2039688605949892
vt -0.26817758343109976 1.0607339003505756
vt -0.4514824680571714 1.1963338645277517
vt -0.4576564228789832 1.3395688247721653
vt -0.2805254930747234 1.3472038208394028
vt -0.2743515382529116 1.2039688605949892
vt -0.4576564228789832 1.3395688247721653
vt -0.4638303777007957 1.4828037850165792
vt -0.2866994478965348 1.4904387810838164
vt -0.2805254930747234 1.3472038208394028
vt -0.2434817641438527 0.48779405937291975
vt -0.2496557189656643 0.6310290196173322
vt -0.0725247891614052 0.6386640156845704
vt -0.06635083433959149 0.4954290554401575
vt -0.2496557189656643 0.6310290196173322
vt -0.25582967378747523 0.7742639798617477
vt -0.07869874398321647 0.781898975928986
vt -0.0725247891614052 0.6386640156845704
vt -0.25582967378747523 0.7742639798617477
vt -0.2620036286092875 0.9174989401061616
vt -0.08487269880502768 0.9251339361733988
vt -0.07869874398321647 0.781898975928986
vt -0.2620036286092875 0.9174989401061616
vt -0.26817758343109976 1.0607339003505756
vt -0.09104665362683911 1.0683688964178137
vt -0.08487269880502768 0.9251339361733988
vt -0.26817758343109976 1.0607339003505756
vt -0.2743515382529116 1.2039688605949892
vt -0.0972206084486516 1.2116038566622271
vt -0.09104665362683911 1.0683688964178137
vt -0.2743515382529116 1.2039688605949892
vt -0.2805254930747234 1.3472038208394028
vt -0.10339456327046281 1.35483881690664
vt -0.0972206084486516 1.2116038566622271
vt -0.2805254930747234 1.3472038208394028
vt -0.2866994478965348 1.4904387810838164
vt -0.10956851809227458 1.4980737771510546
vt -0.10339456327046281 1.35483881690664
vt -0.06635083433959149 0.4954290554401575
vt -0.0725247891614052 0.6386640156845704
vt 0.10460614064285653 0.6462990117518088
vt 0.11078009546466866 0.5030640515073943
vt -0.0725247891614052 0.6386640156845704
vt -0.07869874398321647 0.781898975928986
vt 0.09843218582104521 0.7895339719962227
vt 0.10460614064285653 0.6462990117518088
vt -0.07869874398321647 0.781898975928986
vt -0.08487269880502768 0.9251339361733988
vt 0.09225823099923289 0.932768932240637
vt 0.09843218582104521 0.7895339719962227
vt -0.08487269880502768 0.9251339361733988
vt -0.09104665362683911 1.0683688964178137
vt 0.08608427617742079 1.0760038924850508
vt 0.09225823099923289 0.932768932240637
vt -0.09104665362683911 1.0683688964178137
vt -0.0972206084486516 1.2116038566622271
vt 0.07991032135560916 1.219238852729465
vt 0.08608427617742079 1.0760038924850508
vt -0.0972206084486516 1.2116038566622271
vt -0.10339456327046281 1.35483881690664
vt 0.07373636653379764 1.362473812973878
vt 0.07991032135560916 1.219238852729465
vt -0.10339456327046281 1.35483881690664
vt -0.10956851809227458 1.4980737771510546
vt 0.06756241171198599 1.5057087732182919
vt 0.07373636653379764 1.362473812973878
vt 0.11078009546466866 0.5030640515073943
vt 0.10460614064285653 0.6462990117518088
vt 0.2817370704471176 0.6539340078190471
vt 0.2879110252689296 0.5106990475746331
vt 0.10460614064285653 0.6462990117518088
vt 0.09843218582104521 0.7895339719962227
vt 0.2755631156253055 0.7971689680634607
vt 0.2817370704471176 0.6539340078190471
vt 0.09843218582104521 0.7895339719962227
vt 0.09225823099923289 0.932768932240637
vt 0.269389160803493 0.9404039283078751
vt 0.2755631156253055 0.7971689680634607
vt 0.09225823099923289 0.932768932240637
vt 0.08608427617742079 1.0760038924850508
vt 0.26321520598168235 1.0836388885522878
vt 0.269389160803493 0.9404039283078751
vt 0.08608427617742079 1.0760038924850508
vt 0.07991032135560916 1.219238852729465
vt 0.25704125115987025 1.2268738487967021
vt 0.26321520598168235 1.0836388885522878
vt 0.07991032135560916 1.219238852729465
vt 0.07373636653379764 1.362473812973878
vt 0.2508672963380589 1.3701088090411149
vt 0.25704125115987025 1.2268738487967021
vt 0.07373636653379764 1.362473812973878
vt 0.06756241171198599 1.5057087732182919
vt 0.24469334151624683 1.513343769285529
vt 0.2508672963380589 1.3701088090411149
vt 0.2879110252689296 0.5106990475746331
vt 0.2817370704471176 0.6539340078190471
vt 0.4588680002513781 0.6615690038862845
vt 0.46504195507318946 0.5183340436418695
vt 0.2817370704471176 0.6539340078190471
vt 0.2755631156253055 0.7971689680634607
vt 0.4526940454295654 0.8048039641306977
vt 0.4588680002513781 0.6615690038862845
vt 0.2755631156253055 0.7971689680634607
vt 0.269389160803493 0.9404039283078751
vt 0.4465200906077553 0.9480389243751115
vt 0.4526940454295654 0.8048039641306977
vt 0.269389160803493 0.9404039283078751
vt 0.26321520598168235 1.0836388885522878
vt 0.4403461357859425 1.0912738846195258
vt 0.4465200906077553 0.9480389243751115
vt 0.26321520598168235 1.0836388885522878
vt 0.25704125115987025 1.2268738487967021
vt 0.4341721809641301 1.2345088448639396
vt 0.4403461357859425 1.0912738846195258
vt 0.25704125115987025 1.2268738487967021
vt 0.2508672963380589 1.3701088090411149
vt 0.427998226142318 1.377743805108354
vt 0.4341721809641301 1.2345088448639396
vt 0.2508672963380589 1.3701088090411149
vt 0.24469334151624683 1.513343769285529
vt 0.4218242713205075 1.5209787653527669
vt 0.427998226142318 1.377743805108354
vt 0.4588680002513781 0.6615690038862845
vt 0.4526940454295654 0.8048039641306977
vt 0.629824975233827 0.8124389601979348
vt 0.6359989300556377 0.6692039999535215
vt 0.4526940454295654 0.8048039641306977
vt 0.4465200906077553 0.9480389243751115
vt 0.6236510204120153 0.9556739204423494
vt 0.629824975233827 0.8124389601979348
vt 0.4465200906077553 0.9480389243751115
vt 0.4403461357859425 1.0912738846195258
vt 0.6174770655902024 1.0989088806867635
vt 0.6236510204120153 0.9556739204423494
vt 0.4403461357859425 1.0912738846195258
vt 0.4341721809641301 1.2345088448639396
vt 0.6113031107683913 1.2421438409311767
vt 0.6174770655902024 1.0989088806867635
vt 0.4341721809641301 1.2345088448639396
vt 0.427998226142318 1.377743805108354
vt 0.6051291559465786 1.3853788011755908
vt 0.6113031107683913 1.2421438409311767
vt 0.6146619940331264 0.5247832188948967
vt 0.46504195507318946 0.5183340436418695
vt 0.4588680002513781 0.6615690038862845
vt 0.6359989300556377 0.6692039999535215
vt 0.6409613075050551 0.5540774794007588
vt 0.599944626747877 1.5056592138275682
vt 0.6051291559465786 1.3853788011755908
vt 0.427998226142318 1.377743805108354
vt 0.4218242713205075 1.5209787653527669
vt 0.5597704327122656 1.5269247534468877
vt -0.5984885362467045 0.48980594159457336
vt -0.603917578574185 0.6157590274828602
vt -0.42678664876992545 0.6233940235500952
vt -0.42061269394811296 0.4801590633056825
vt -0.5849563343240132 0.4730752465531124
# 199 uvs
vn -0.02971307762965178 0.998668304301322 -0.030182705238220326
vn 0.017447524473752668 0.9990214701368807 0.011636342632096048
vn -0.011568060816100066 0.9989792880729238 -0.00386034113794965
vn -0.01322533175183829 0.9988637020236406 -0.015611012954415391
vn 0.035465235014120654 0.9986429715360364 -0.006716616841728099
vn -0.0018245430016832096 0.9988093719734858 -0.00019649820256903514
vn -0.02012223696910565 0.9982192922983544 0.0021408236220217154
vn -0.01738123663155165 0.9987246386350249 0.017351640460064592
vn -0.0308756374598619 0.9986684848705247 0.018166662971010918
vn -0.016712666650806254 0.998468393715684 0.0005817187855048783
vn 0.03552914036052277 0.9985488572873129 0.0003276887941497746
vn 0.01106935445774404 0.9985400277762106 -0.01691982631733153
vn 0.0751985009270563 0.997134804821796 0.00820770804320103
vn 0.026872161311408994 0.9984464412788339 0.006527912352400748
vn -0.0008930355174311781 0.9982414677361362 -0.017066618400125168
vn 0.0038208168496919595 0.9993136572515375 0.003544292788787923
vn 0.007954980963970277 0.9993485256608252 0.013224175161167884
vn -0.005055413834787916 0.9990475175356454 -0.015521472834310521
vn -0.00957542810628643 0.9988926580664848 0.006434982467808969
vn -0.006717504032757335 0.9992837044885368 0.028457242649547673
vn -0.00028176120246832526 0.9986314152193935 -0.024125836784366146
vn 0.0011331124474561324 0.9987130668762736 -0.029855452160031215
vn -0.0012518849580823652 0.999761642386905 0.007677933527118267
vn -0.0003421547887253423 0.9995665282942772 -0.0037973032060959013
vn -0.010767661957037072 0.9994786408323729 -0.018070127871731168
vn 0.010758292829162477 0.9993862193725136 -0.012923641587833714
vn 0.010592714421366268 0.9987002085303718 0.010463139386202898
vn 0.006931853155728147 0.999085403273039 0.025910468355650477
vn 0.007753290201785626 0.9986673177049468 -0.03771173705556333
vn 0.0074647574512546186 0.9982039324667864 -0.017497757894123434
vn 0.003534445246400319 0.9989616419978593 0.03499981162656816
vn 0.015797768825589392 0.9993865570590151 -0.007654581254340677
vn 0.022235172302367778 0.9991057967872157 -0.026477759820278536
vn 0.0002457280151768539 0.9996481878787515 -0.004102494989585718
vn -0.009649742399936679 0.9989139991665231 0.017818742304218926
vn -0.002054802377799263 0.9988755265384919 0.015662362775508008
vn -0.003976679026453217 0.9988028600661263 -0.031142393325849057
vn -0.02440814450006957 0.9979175208429756 0.00650411018864781
vn -0.034541960221415174 0.9977814347243243 0.051606660680803274
vn 0.022264347458163292 0.9987198614929009 0.00110987324524779
vn 0.02077437030101256 0.9986966298610224 -0.035028650170001764
vn 0.009610982706404012 0.9993097454344322 0.022647237395614
vn -0.0016517990731830991 0.9994370717018602 0.017403185091417386
vn -0.0007055030889369882 0.9993213820212986 0.004361165034635775
vn -0.007719429404609165 0.9995870960709803 -0.012102792355908653
vn -0.0005382831876776344 0.998293680102491 0.005877829293279908
vn 0.011722525199849284 0.9970581864459831 0.01792328131554456
vn 0.0011302723083585417 0.9984027132902602 0.008913821079886515
vn 0.004616199437770977 0.9989219777338368 -0.04413358921088559
vn -0.0031976017576684787 0.9988501551885904 0.03973942166398896
vn -0.004214838783717374 0.9995361395537766 0.014534945376762443
vn -0.00668433440387856 0.9995813780385708 0.008482207866925415
vn -0.004996366254616356 0.9996473787326778 -0.011429552522891656
vn 0.007237738368263186 0.9985491157941869 -0.018742106011015135
vn 0.015489669311153653 0.9977108126231037 -0.009212970038601713
vn -0.016169480119739253 0.9987626855831162 0.04014074097262021
vn -0.00560908349757131 0.99857397588131 0.0160212458209742
vn -0.025647528258760224 0.9994352606981699 0.015521070905750086
vn -0.028725745468454987 0.9994376625708283 0.012097902505282214
vn -0.016027638719678113 0.9993861779236983 -0.016763281043268602
vn -0.03253710445081979 0.9988329836232092 -0.026779697334297185
vn 0.010628044801060096 0.9994342102971585 -0.03191087512748534
vn 0.010628044801060096 0.9994342102971585 -0.03191087512748534
vn -0.04966811432494867 0.9987100448451095 -0.01055105420718624
vn -0.04966811432494867 0.9987100448451095 -0.01055105420718624
vn -0.04075731495406935 0.9975150867924661 -0.05746732027120906
vn -0.04075731495406935 0.9975150867924661 -0.05746732027120906
# 67 normals
usemtl #ffe99898
f 272/800/272 271/799/271 270/798/270 269/797/269 
f 271/804/271 274/803/274 273/802/273 270/801/270 
f 274/808/274 276/807/276 275/806/275 273/805/273 
f 276/812/276 278/811/278 277/810/277 275/809/275 
f 278/816/278 280/815/280 279/814/279 277/813/277 
f 280/820/280 282/819/282 281/818/281 279/817/279 
f 285/824/285 284/823/284 272/822/272 283/821/283 
f 290/848/290 291/847/291 282/846/282 280/845/280 
f 293/852/293 292/851/292 284/850/284 285/849/285 
f 294/860/294 295/859/295 287/858/287 286/857/286 
f 295/864/295 296/863/296 288/862/288 287/861/287 
f 296/868/296 297/867/297 289/866/289 288/865/288 
f 298/876/298 299/875/299 291/874/291 290/873/290 
f 301/880/301 300/879/300 292/878/292 293/877/293 
f 302/888/302 303/887/303 295/886/295 294/885/294 
f 304/896/304 305/895/305 297/894/297 296/893/296 
f 306/904/306 307/903/307 299/902/299 298/901/298 
f 309/908/309 308/907/308 300/906/300 301/905/301 
f 310/916/310 311/915/311 303/914/303 302/913/302 
f 311/920/311 312/919/312 304/918/304 303/917/303 
f 312/924/312 313/923/313 305/922/305 304/921/304 
f 314/932/314 315/931/315 307/930/307 306/929/306 
f 317/936/317 316/935/316 308/934/308 309/933/309 
f 322/960/322 323/959/323 315/958/315 314/957/314 
f 325/964/325 324/963/324 318/962/318 316/961/316 
f 324/968/324 326/967/326 319/966/319 318/965/318 
f 326/972/326 327/971/327 320/970/320 319/969/319 
f 327/976/327 328/975/328 321/974/321 320/973/320 
f 328/980/328 329/979/329 322/978/322 321/977/321 
f 331/985/331 325/984/325 316/983/316 317/982/317 330/981/330 
f 333/990/333 323/989/323 322/988/322 329/987/329 332/986/332 
f 335/995/335 283/994/283 272/993/272 269/992/269 334/991/334 
usemtl #ffddc7c7
f 284/828/284 286/827/286 271/826/271 272/825/272 
f 286/832/286 287/831/287 274/830/274 271/829/271 
f 287/836/287 288/835/288 276/834/276 274/833/274 
f 288/840/288 289/839/289 278/838/278 276/837/276 
f 289/844/289 290/843/290 280/842/280 278/841/278 
f 292/856/292 294/855/294 286/854/286 284/853/284 
f 297/872/297 298/871/298 290/870/290 289/869/289 
f 300/884/300 302/883/302 294/882/294 292/881/292 
f 303/892/303 304/891/304 296/890/296 295/889/295 
f 305/900/305 306/899/306 298/898/298 297/897/297 
f 308/912/308 310/911/310 302/910/302 300/909/300 
f 313/928/313 314/927/314 306/926/306 305/925/305 
f 316/940/316 318/939/318 310/938/310 308/937/308 
f 318/944/318 319/943/319 311/942/311 310/941/310 
f 319/948/319 320/947/320 312/946/312 311/945/311 
f 320/952/320 321/951/321 313/950/313 312/949/312 
f 321/956/321 322/955/322 314/954/314 313/953/313 
# 49 polygons
g carpet
v -336.9353503200432 1.1578502118345124 -31.351931666068594
v -338.51588275442725 3.3969722730057823 -68.02008148863821
v -293.1703647245363 1.8630855138794855 -69.97464048185131
v -291.5898322901528 4.373804676128734 -33.30649065928078
v -340.09641518881085 5.291206067269764 -104.68823131120809
v -294.7508971589201 2.0611598204949235 -106.64279030442088
v -341.6769476231947 1.500783278958239 -141.35638113377817
v -296.33142959330405 2.999399868035952 -143.31094012699091
v -343.2574800575783 1.816262478871094 -178.02453095634795
v -297.91196202768776 5.728214166769046 -179.9790899495608
v -344.8380124919621 5.271744544657924 -214.69268077891803
v -299.4924944620716 1.7057635980783523 -216.64723977213072
v -346.41854492634593 5.5304096234278575 -251.36083060148786
v -301.07302689645553 2.289141412466276 -253.31538959470066
v -290.00929985576875 5.075061000938425 3.3616591632888912
v -246.24431426026192 4.269879514423041 -35.261049652493426
v -244.66378182587815 1.7323018607133234 1.4071001700761485
v -247.82484669464552 4.812686215138818 -71.9291994750638
v -249.40537912902946 3.4836888864038924 -108.59734929763377
v -250.9859115634134 4.356543418549007 -145.26549912020374
v -252.56644399779722 4.503703981323276 -181.93364894277363
v -254.14697643218105 3.12780862042652 -218.60179876534352
v -255.72750886656476 2.832225316822168 -255.26994858791343
v -200.8987962303716 2.8621659208529557 -37.21560864570644
v -199.31826379598726 5.244210858057772 -0.5474588231367079
v -202.47932866475526 3.3843270362856206 -73.88375846827684
v -204.05986109913894 2.124811549747503 -110.55190829084647
v -205.64039353352268 4.9287671967155475 -147.2200581134167
v -207.22092596790668 4.68892941667975 -183.88820793598657
v -208.80145840229034 1.5779012423530023 -220.55635775855626
v -210.38199083667416 2.704182589606635 -257.2245075811264
v -155.55327820048058 3.660088511637566 -39.17016763891944
v -153.9727457660967 4.154221535507799 -2.502017816349337
v -157.1338106348643 3.673863821341925 -75.8383174614894
v -158.71434306924823 2.261992580536786 -112.50646728405944
v -160.29487550363214 4.254786911379628 -149.17461710662937
v -161.8754079380159 3.817004628620956 -185.84276692919946
v -163.45594037239965 1.1937767144162326 -222.51091675176917
v -165.03647280678345 4.400832606615494 -259.1790665743391
v -110.20776017058975 1.743140629683472 -41.12472663213245
v -108.62722773620588 2.118922294654789 -4.456576809562478
v -111.78829260497365 2.8914451351115202 -77.79287645470234
v -113.36882503935765 4.0752457622203355 -114.46102627727242
v -114.94935747374117 5.303358237106324 -151.12917609984208
v -116.52988990812507 2.98250380875682 -187.79732592241214
v -118.11042234250878 5.570422289433154 -224.4654757449818
v -119.69095477689267 5.396787497546279 -261.1336255675518
v -64.86224214069907 4.440892098500626e-16 -43.079285625345236
v -63.281709706315354 3.7681827670664845 -6.411135802774993
v -66.44277457508312 3.3124560273051786 -79.74743544791501
v -68.02330700946649 3.508440712684621 -116.41558527048495
v -69.60383944385057 2.9972754361417975 -153.083735093055
v -71.18437187823454 5.412449335170012 -189.75188491562494
v -72.76490431261846 1.8741025504269588 -226.42003473819497
v -74.34543674700194 1.724089894134389 -263.0881845607647
v -21.097256545192153 3.434002424452517 -81.70199444112771
v -19.51672411080861 2.1148233604071534 -45.03384461855791
v -22.67778897957595 4.402512383970251 -118.37014426369784
v -24.258321413960033 5.86466616741798 -155.03829408626783
v -25.83885384834369 4.092339666698846 -191.70644390883763
v -27.419386282727743 4.4245668060921455 -228.37459373140763
v -24.978979732571503 1.083011561681242 -8.062124667549938
v -18.246355483757753 0.783213375164701 -15.561455357050647
v -28.746625757595353 3.7581619921039113 -259.16637937031385
v -39.03121943071187 3.209142350975763 -264.61035751285965
v -335.5455154842082 4.381363450850606 0.8920583213328257
v -332.08127179199926 4.841806984810419 5.175116251946832
# 67 vertices
vt -0.603917578574185 0.6157590274828602
vt -0.6100915333959975 0.7589939877272727
vt -0.43296060359173616 0.7666289837945114
vt -0.42678664876992545 0.6233940235500952
vt -0.6100915333959975 0.7589939877272727
vt -0.6162654882178085 0.9022289479716863
vt -0.43913455841354776 0.9098639440389238
vt -0.43296060359173616 0.7666289837945114
vt -0.6162654882178085 0.9022289479716863
vt -0.6224394430396203 1.0454639082161006
vt -0.44530851323536 1.0530989042833379
vt -0.43913455841354776 0.9098639440389238
vt -0.6224394430396203 1.0454639082161006
vt -0.6286133978614314 1.1886988684605138
vt -0.4514824680571714 1.1963338645277517
vt -0.44530851323536 1.0530989042833379
vt -0.6286133978614314 1.1886988684605138
vt -0.6347873526832433 1.3319338287049283
vt -0.4576564228789832 1.3395688247721653
vt -0.4514824680571714 1.1963338645277517
vt -0.6347873526832433 1.3319338287049283
vt -0.6409613075050551 1.4751687889493417
vt -0.4638303777007957 1.4828037850165792
vt -0.4576564228789832 1.3395688247721653
vt -0.42061269394811296 0.4801590633056825
vt -0.42678664876992545 0.6233940235500952
vt -0.2496557189656643 0.6310290196173322
vt -0.2434817641438527 0.48779405937291975
vt -0.42678664876992545 0.6233940235500952
vt -0.43296060359173616 0.7666289837945114
vt -0.25582967378747523 0.7742639798617477
vt -0.2496557189656643 0.6310290196173322
vt -0.43296060359173616 0.7666289837945114
vt -0.43913455841354776 0.9098639440389238
vt -0.2620036286092875 0.9174989401061616
vt -0.25582967378747523 0.7742639798617477
vt -0.43913455841354776 0.9098639440389238
vt -0.44530851323536 1.0530989042833379
vt -0.26817758343109976 1.0607339003505756
vt -0.2620036286092875 0.9174989401061616
vt -0.44530851323536 1.0530989042833379
vt -0.4514824680571714 1.1963338645277517
vt -0.2743515382529116 1.2039688605949892
vt -0.26817758343109976 1.0607339003505756
vt -0.4514824680571714 1.1963338645277517
vt -0.4576564228789832 1.3395688247721653
vt -0.2805254930747234 1.3472038208394028
vt -0.2743515382529116 1.2039688605949892
vt -0.4576564228789832 1.3395688247721653
vt -0.4638303777007957 1.4828037850165792
vt -0.2866994478965348 1.4904387810838164
vt -0.2805254930747234 1.3472038208394028
vt -0.2434817641438527 0.48779405937291975
vt -0.2496557189656643 0.6310290196173322
vt -0.0725247891614052 0.6386640156845704
vt -0.06635083433959149 0.4954290554401575
vt -0.2496557189656643 0.6310290196173322
vt -0.25582967378747523 0.7742639798617477
vt -0.07869874398321647 0.781898975928986
vt -0.0725247891614052 0.6386640156845704
vt -0.25582967378747523 0.7742639798617477
vt -0.2620036286092875 0.9174989401061616
vt -0.08487269880502768 0.9251339361733988
vt -0.07869874398321647 0.781898975928986
vt -0.2620036286092875 0.9174989401061616
vt -0.26817758343109976 1.0607339003505756
vt -0.09104665362683911 1.0683688964178137
vt -0.08487269880502768 0.9251339361733988
vt -0.26817758343109976 1.0607339003505756
vt -0.2743515382529116 1.2039688605949892
vt -0.0972206084486516 1.2116038566622271
vt -0.09104665362683911 1.0683688964178137
vt -0.2743515382529116 1.2039688605949892
vt -0.2805254930747234 1.3472038208394028
vt -0.10339456327046281 1.35483881690664
vt -0.0972206084486516 1.2116038566622271
vt -0.2805254930747234 1.3472038208394028
vt -0.2866994478965348 1.4904387810838164
vt -0.10956851809227458 1.4980737771510546
vt -0.10339456327046281 1.35483881690664
vt -0.06635083433959149 0.4954290554401575
vt -0.0725247891614052 0.6386640156845704
vt 0.10460614064285653 0.6462990117518088
vt 0.11078009546466866 0.5030640515073943
vt -0.0725247891614052 0.6386640156845704
vt -0.07869874398321647 0.781898975928986
vt 0.09843218582104521 0.7895339719962227
vt 0.10460614064285653 0.6462990117518088
vt -0.07869874398321647 0.781898975928986
vt -0.08487269880502768 0.9251339361733988
vt 0.09225823099923289 0.932768932240637
vt 0.09843218582104521 0.7895339719962227
vt -0.08487269880502768 0.9251339361733988
vt -0.09104665362683911 1.0683688964178137
vt 0.08608427617742079 1.0760038924850508
vt 0.09225823099923289 0.932768932240637
vt -0.09104665362683911 1.0683688964178137
vt -0.0972206084486516 1.2116038566622271
vt 0.07991032135560916 1.219238852729465
vt 0.08608427617742079 1.0760038924850508
vt -0.0972206084486516 1.2116038566622271
vt -0.10339456327046281 1.35483881690664
vt 0.07373636653379764 1.362473812973878
vt 0.07991032135560916 1.219238852729465
vt -0.10339456327046281 1.35483881690664
vt -0.10956851809227458 1.4980737771510546
vt 0.06756241171198599 1.5057087732182919
vt 0.07373636653379764 1.362473812973878
vt 0.11078009546466866 0.5030640515073943
vt 0.10460614064285653 0.6462990117518088
vt 0.2817370704471176 0.6539340078190471
vt 0.2879110252689296 0.5106990475746331
vt 0.10460614064285653 0.6462990117518088
vt 0.09843218582104521 0.7895339719962227
vt 0.2755631156253055 0.7971689680634607
vt 0.2817370704471176 0.6539340078190471
vt 0.09843218582104521 0.7895339719962227
vt 0.09225823099923289 0.932768932240637
vt 0.269389160803493 0.9404039283078751
vt 0.2755631156253055 0.7971689680634607
vt 0.09225823099923289 0.932768932240637
vt 0.08608427617742079 1.0760038924850508
vt 0.26321520598168235 1.0836388885522878
vt 0.269389160803493 0.9404039283078751
vt 0.08608427617742079 1.0760038924850508
vt 0.07991032135560916 1.219238852729465
vt 0.25704125115987025 1.2268738487967021
vt 0.26321520598168235 1.0836388885522878
vt 0.07991032135560916 1.219238852729465
vt 0.07373636653379764 1.362473812973878
vt 0.2508672963380589 1.3701088090411149
vt 0.25704125115987025 1.2268738487967021
vt 0.07373636653379764 1.362473812973878
vt 0.06756241171198599 1.5057087732182919
vt 0.24469334151624683 1.513343769285529
vt 0.2508672963380589 1.3701088090411149
vt 0.2879110252689296 0.5106990475746331
vt 0.2817370704471176 0.6539340078190471
vt 0.4588680002513781 0.6615690038862845
vt 0.46504195507318946 0.5183340436418695
vt 0.2817370704471176 0.6539340078190471
vt 0.2755631156253055 0.7971689680634607
vt 0.4526940454295654 0.8048039641306977
vt 0.4588680002513781 0.6615690038862845
vt 0.2755631156253055 0.7971689680634607
vt 0.269389160803493 0.9404039283078751
vt 0.4465200906077553 0.9480389243751115
vt 0.4526940454295654 0.8048039641306977
vt 0.269389160803493 0.9404039283078751
vt 0.26321520598168235 1.0836388885522878
vt 0.4403461357859425 1.0912738846195258
vt 0.4465200906077553 0.9480389243751115
vt 0.26321520598168235 1.0836388885522878
vt 0.25704125115987025 1.2268738487967021
vt 0.4341721809641301 1.2345088448639396
vt 0.4403461357859425 1.0912738846195258
vt 0.25704125115987025 1.2268738487967021
vt 0.2508672963380589 1.3701088090411149
vt 0.427998226142318 1.377743805108354
vt 0.4341721809641301 1.2345088448639396
vt 0.2508672963380589 1.3701088090411149
vt 0.24469334151624683 1.513343769285529
vt 0.4218242713205075 1.5209787653527669
vt 0.427998226142318 1.377743805108354
vt 0.4588680002513781 0.6615690038862845
vt 0.4526940454295654 0.8048039641306977
vt 0.629824975233827 0.8124389601979348
vt 0.6359989300556377 0.6692039999535215
vt 0.4526940454295654 0.8048039641306977
vt 0.4465200906077553 0.9480389243751115
vt 0.6236510204120153 0.9556739204423494
vt 0.629824975233827 0.8124389601979348
vt 0.4465200906077553 0.9480389243751115
vt 0.4403461357859425 1.0912738846195258
vt 0.6174770655902024 1.0989088806867635
vt 0.6236510204120153 0.9556739204423494
vt 0.4403461357859425 1.0912738846195258
vt 0.4341721809641301 1.2345088448639396
vt 0.6113031107683913 1.2421438409311767
vt 0.6174770655902024 1.0989088806867635
vt 0.4341721809641301 1.2345088448639396
vt 0.427998226142318 1.377743805108354
vt 0.6051291559465786 1.3853788011755908
vt 0.6113031107683913 1.2421438409311767
vt 0.6146619940331264 0.5247832188948967
vt 0.46504195507318946 0.5183340436418695
vt 0.4588680002513781 0.6615690038862845
vt 0.6359989300556377 0.6692039999535215
vt 0.6409613075050551 0.5540774794007588
vt 0.599944626747877 1.5056592138275682
vt 0.6051291559465786 1.3853788011755908
vt 0.427998226142318 1.377743805108354
vt 0.4218242713205075 1.5209787653527669
vt 0.5597704327122656 1.5269247534468877
vt -0.5984885362467045 0.48980594159457336
vt -0.603917578574185 0.6157590274828602
vt -0.42678664876992545 0.6233940235500952
vt -0.42061269394811296 0.4801590633056825
vt -0.5849563343240132 0.4730752465531124
# 199 uvs
vn -0.029713077629651845 0.998668304301322 -0.030182705238220316
vn 0.017447524473752613 0.9990214701368807 0.011636342632096012
vn -0.011568060816100076 0.9989792880729237 -0.0038603411379496628
vn -0.013225331751838333 0.9988637020236406 -0.015611012954415433
vn 0.03546523501412064 0.9986429715360364 -0.006716616841728133
vn -0.0018245430016831897 0.9988093719734858 -0.00019649820256902734
vn -0.020122236969105624 0.9982192922983544 0.002140823622021646
vn -0.017381236631551628 0.9987246386350248 0.01735164046006456
vn -0.0308756374598619 0.9986684848705247 0.018166662971010848
vn -0.016712666650806264 0.998468393715684 0.0005817187855048679
vn 0.03552914036052281 0.9985488572873129 0.00032768879414983576
vn 0.011069354457744044 0.9985400277762106 -0.01691982631733149
vn 0.0751985009270564 0.997134804821796 0.008207708043201152
vn 0.026872161311409043 0.9984464412788339 0.006527912352400793
vn -0.0008930355174312093 0.9982414677361362 -0.01706661840012521
vn 0.0038208168496919334 0.9993136572515375 0.0035442927887878754
vn 0.007954980963970253 0.9993485256608252 0.01322417516116783
vn -0.005055413834787899 0.9990475175356454 -0.015521472834310525
vn -0.009575428106286392 0.9988926580664848 0.006434982467808981
vn -0.006717504032757322 0.9992837044885368 0.02845724264954767
vn -0.00028176120246833697 0.9986314152193935 -0.024125836784366132
vn 0.0011331124474561229 0.9987130668762736 -0.02985545216003121
vn -0.00125188495808236 0.999761642386905 0.007677933527118258
vn -0.0003421547887253553 0.9995665282942773 -0.0037973032060959035
vn -0.010767661957037083 0.999478640832373 -0.018070127871731165
vn 0.010758292829162474 0.9993862193725136 -0.012923641587833727
vn 0.010592714421366261 0.9987002085303718 0.01046313938620287
vn 0.0069318531557281396 0.999085403273039 0.025910468355650463
vn 0.007753290201785614 0.9986673177049468 -0.037711737055563355
vn 0.0074647574512546 0.9982039324667864 -0.017497757894123465
vn 0.003534445246400307 0.9989616419978593 0.03499981162656814
vn 0.015797768825589396 0.9993865570590152 -0.007654581254340674
vn 0.022235172302367767 0.9991057967872157 -0.02647775982027853
vn 0.0002457280151768634 0.9996481878787515 -0.004102494989585722
vn -0.009649742399936694 0.9989139991665231 0.017818742304218912
vn -0.002054802377799276 0.9988755265384919 0.015662362775507997
vn -0.003976679026453241 0.9988028600661263 -0.031142393325849064
vn -0.024408144500069593 0.9979175208429756 0.006504110188647787
vn -0.03454196022141516 0.9977814347243243 0.05160666068080326
vn 0.02226434745816329 0.998719861492901 0.0011098732452478055
vn 0.020774370301012555 0.9986966298610225 -0.03502865017000174
vn 0.009610982706404014 0.9993097454344322 0.022647237395614
vn -0.0016517990731831043 0.9994370717018602 0.017403185091417386
vn -0.0007055030889369829 0.9993213820212986 0.0043611650346357805
vn -0.007719429404609197 0.9995870960709803 -0.012102792355908646
vn -0.0005382831876776552 0.998293680102491 0.00587782929327991
vn 0.011722525199849319 0.9970581864459831 0.01792328131554456
vn 0.0011302723083585365 0.9984027132902602 0.008913821079886527
vn 0.0046161994377709875 0.9989219777338368 -0.044133589210885574
vn -0.00319760175766849 0.9988501551885904 0.03973942166398896
vn -0.0042148387837173725 0.9995361395537766 0.014534945376762443
vn -0.0066843344038785436 0.9995813780385707 0.008482207866925417
vn -0.004996366254616346 0.9996473787326778 -0.011429552522891654
vn 0.0072377383682631705 0.9985491157941869 -0.018742106011015128
vn 0.015489669311153621 0.9977108126231037 -0.00921297003860171
vn -0.01616948011973927 0.9987626855831162 0.040140740972620215
vn -0.005609083497571328 0.99857397588131 0.016021245820974205
vn -0.025647528258760214 0.9994352606981699 0.015521070905750086
vn -0.02872574546845496 0.9994376625708283 0.012097902505282216
vn -0.016027638719678054 0.9993861779236983 -0.0167632810432686
vn -0.032537104450819775 0.9988329836232092 -0.026779697334297185
vn 0.010628044801060091 0.9994342102971585 -0.03191087512748534
vn 0.010628044801060091 0.9994342102971585 -0.03191087512748534
vn -0.049668114324948734 0.9987100448451095 -0.010551054207186234
vn -0.049668114324948734 0.9987100448451095 -0.010551054207186234
vn -0.0407573149540694 0.9975150867924661 -0.05746732027120904
vn -0.0407573149540694 0.9975150867924661 -0.05746732027120904
# 67 normals
usemtl #ffe99898
f 339/999/339 338/998/338 337/997/337 336/996/336 
f 338/1003/338 341/1002/341 340/1001/340 337/1000/337 
f 341/1007/341 343/1006/343 342/1005/342 340/1004/340 
f 343/1011/343 345/1010/345 344/1009/344 342/1008/342 
f 345/1015/345 347/1014/347 346/1013/346 344/1012/344 
f 347/1019/347 349/1018/349 348/1017/348 346/1016/346 
f 352/1023/352 351/1022/351 339/1021/339 350/1020/350 
f 357/1047/357 358/1046/358 349/1045/349 347/1044/347 
f 360/1051/360 359/1050/359 351/1049/351 352/1048/352 
f 361/1059/361 362/1058/362 354/1057/354 353/1056/353 
f 362/1063/362 363/1062/363 355/1061/355 354/1060/354 
f 363/1067/363 364/1066/364 356/1065/356 355/1064/355 
f 365/1075/365 366/1074/366 358/1073/358 357/1072/357 
f 368/1079/368 367/1078/367 359/1077/359 360/1076/360 
f 369/1087/369 370/1086/370 362/1085/362 361/1084/361 
f 371/1095/371 372/1094/372 364/1093/364 363/1092/363 
f 373/1103/373 374/1102/374 366/1101/366 365/1100/365 
f 376/1107/376 375/1106/375 367/1105/367 368/1104/368 
f 377/1115/377 378/1114/378 370/1113/370 369/1112/369 
f 378/1119/378 379/1118/379 371/1117/371 370/1116/370 
f 379/1123/379 380/1122/380 372/1121/372 371/1120/371 
f 381/1131/381 382/1130/382 374/1129/374 373/1128/373 
f 384/1135/384 383/1134/383 375/1133/375 376/1132/376 
f 389/1159/389 390/1158/390 382/1157/382 381/1156/381 
f 392/1163/392 391/1162/391 385/1161/385 383/1160/383 
f 391/1167/391 393/1166/393 386/1165/386 385/1164/385 
f 393/1171/393 394/1170/394 387/1169/387 386/1168/386 
f 394/1175/394 395/1174/395 388/1173/388 387/1172/387 
f 395/1179/395 396/1178/396 389/1177/389 388/1176/388 
f 398/1184/398 392/1183/392 383/1182/383 384/1181/384 397/1180/397 
f 400/1189/400 390/1188/390 389/1187/389 396/1186/396 399/1185/399 
f 402/1194/402 350/1193/350 339/1192/339 336/1191/336 401/1190/401 
usemtl #ffddc7c7
f 351/1027/351 353/1026/353 338/1025/338 339/1024/339 
f 353/1031/353 354/1030/354 341/1029/341 338/1028/338 
f 354/1035/354 355/1034/355 343/1033/343 341/1032/341 
f 355/1039/355 356/1038/356 345/1037/345 343/1036/343 
f 356/1043/356 357/1042/357 347/1041/347 345/1040/345 
f 359/1055/359 361/1054/361 353/1053/353 351/1052/351 
f 364/1071/364 365/1070/365 357/1069/357 356/1068/356 
f 367/1083/367 369/1082/369 361/1081/361 359/1080/359 
f 370/1091/370 371/1090/371 363/1089/363 362/1088/362 
f 372/1099/372 373/1098/373 365/1097/365 364/1096/364 
f 375/1111/375 377/1110/377 369/1109/369 367/1108/367 
f 380/1127/380 381/1126/381 373/1125/373 372/1124/372 
f 383/1139/383 385/1138/385 377/1137/377 375/1136/375 
f 385/1143/385 386/1142/386 378/1141/378 377/1140/377 
f 386/1147/386 387/1146/387 379/1145/379 378/1144/378 
f 387/1151/387 388/1150/388 380/1149/380 379/1148/379 
f 388/1155/388 389/1154/389 381/1153/381 380/1152/380 
# 49 polygons
g carpet
v -332.29468048661136 1.1578502118345124 -220.8655075631243
v -333.87521292099535 3.3969722730057823 -257.5336573856939
v -288.52969489110444 1.8630855138794855 -259.48821637890705
v -286.9491624567209 4.373804676128734 -222.82006655633649
v -335.45574535537895 5.291206067269764 -294.2018072082638
v -290.1102273254882 2.0611598204949235 -296.1563662014766
v -337.0362777897628 1.500783278958239 -330.86995703083386
v -291.69075975987215 2.999399868035952 -332.8245160240466
v -338.61681022414643 1.816262478871094 -367.53810685340363
v -293.27129219425586 5.728214166769046 -369.49266584661655
v -340.19734265853026 5.271744544657924 -404.20625667597375
v -294.8518246286397 1.7057635980783523 -406.16081566918643
v -341.7778750929141 5.5304096234278575 -440.8744064985436
v -296.4323570630237 2.289141412466276 -442.8289654917564
v -285.3686300223369 5.075061000938425 -186.15191673376683
v -241.60364442683004 4.269879514423041 -224.77462554954914
v -240.02311199244627 1.7323018607133234 -188.10647572697957
v -243.18417686121364 4.812686215138818 -261.4427753721195
v -244.76470929559758 3.4836888864038924 -298.1109251946895
v -246.34524172998152 4.356543418549007 -334.77907501725946
v -247.92577416436535 4.503703981323276 -371.44722483982935
v -249.50630659874918 3.12780862042652 -408.11537466239923
v -251.0868390331329 2.832225316822168 -444.7835244849691
v -196.2581263969397 2.8621659208529557 -226.72918454276214
v -194.67759396255542 5.244210858057772 -190.06103472019242
v -197.83865883132341 3.3843270362856206 -263.39733436533254
v -199.41919126570707 2.124811549747503 -300.0654841879022
v -200.99972370009078 4.9287671967155475 -336.73363401047243
v -202.58025613447478 4.68892941667975 -373.40178383304226
v -204.16078856885846 1.5779012423530023 -410.069933655612
v -205.74132100324226 2.704182589606635 -446.7380834781821
v -150.9126083670487 3.660088511637566 -228.68374353597517
v -149.3320759326648 4.154221535507799 -192.01559371340505
v -152.49314080143242 3.673863821341925 -265.3518933585451
v -154.07367323581636 2.261992580536786 -302.02004318111517
v -155.65420567020027 4.254786911379628 -338.6881930036851
v -157.23473810458404 3.817004628620956 -375.3563428262552
v -158.81527053896778 1.1937767144162326 -412.0244926488249
v -160.39580297335158 4.400832606615494 -448.69264247139483
v -105.56709033715788 1.743140629683472 -230.63830252918817
v -103.98655790277401 2.118922294654789 -193.9701527066182
v -107.14762277154178 2.8914451351115202 -267.306452351758
v -108.72815520592577 4.0752457622203355 -303.97460217432814
v -110.3086876403093 5.303358237106324 -340.6427519968978
v -111.8892200746932 2.98250380875682 -377.31090181946786
v -113.46975250907691 5.570422289433154 -413.9790516420375
v -115.0502849434608 5.396787497546279 -450.6472014646075
v -60.221572307267195 4.440892098500626e-16 -232.59286152240094
v -58.64103987288348 3.7681827670664845 -195.9247116998307
v -61.80210474165125 3.3124560273051786 -269.2610113449707
v -63.38263717603462 3.508440712684621 -305.92916116754066
v -64.9631696104187 2.9972754361417975 -342.5973109901107
v -66.54370204480267 5.412449335170012 -379.26546081268066
v -68.12423447918658 1.8741025504269588 -415.9336106352507
v -69.70476691357007 1.724089894134389 -452.60176045782043
v -16.45658671176028 3.434002424452517 -271.2155703381834
v -14.876054277376738 2.1148233604071534 -234.54742051561362
v -18.03711914614408 4.402512383970251 -307.88372016075357
v -19.61765158052816 5.86466616741798 -344.55186998332357
v -21.198184014911817 4.092339666698846 -381.22001980589334
v -22.77871644929587 4.4245668060921455 -417.88816962846334
v -20.33830989913963 1.083011561681242 -197.57570056460565
v -13.605685650325881 0.783213375164701 -205.07503125410636
v -24.10595592416348 3.7581619921039113 -448.67995526736956
v -34.39054959728 3.209142350975763 -454.12393340991537
v -330.90484565077634 4.381363450850606 -188.6215175757229
v -327.44060195856736 4.841806984810419 -184.33845964510888
# 67 vertices
vt -0.603917578574185 0.6157590274828602
vt -0.6100915333959975 0.7589939877272727
vt -0.43296060359173616 0.7666289837945114
vt -0.42678664876992545 0.6233940235500952
vt -0.6100915333959975 0.7589939877272727
vt -0.6162654882178085 0.9022289479716863
vt -0.43913455841354776 0.9098639440389238
vt -0.43296060359173616 0.7666289837945114
vt -0.6162654882178085 0.9022289479716863
vt -0.6224394430396203 1.0454639082161006
vt -0.44530851323536 1.0530989042833379
vt -0.43913455841354776 0.9098639440389238
vt -0.6224394430396203 1.0454639082161006
vt -0.6286133978614314 1.1886988684605138
vt -0.4514824680571714 1.1963338645277517
vt -0.44530851323536 1.0530989042833379
vt -0.6286133978614314 1.1886988684605138
vt -0.6347873526832433 1.3319338287049283
vt -0.4576564228789832 1.3395688247721653
vt -0.4514824680571714 1.1963338645277517
vt -0.6347873526832433 1.3319338287049283
vt -0.6409613075050551 1.4751687889493417
vt -0.4638303777007957 1.4828037850165792
vt -0.4576564228789832 1.3395688247721653
vt -0.42061269394811296 0.4801590633056825
vt -0.42678664876992545 0.6233940235500952
vt -0.2496557189656643 0.6310290196173322
vt -0.2434817641438527 0.48779405937291975
vt -0.42678664876992545 0.6233940235500952
vt -0.43296060359173616 0.7666289837945114
vt -0.25582967378747523 0.7742639798617477
vt -0.2496557189656643 0.6310290196173322
vt -0.43296060359173616 0.7666289837945114
vt -0.43913455841354776 0.9098639440389238
vt -0.2620036286092875 0.9174989401061616
vt -0.25582967378747523 0.7742639798617477
vt -0.43913455841354776 0.9098639440389238
vt -0.44530851323536 1.0530989042833379
vt -0.26817758343109976 1.0607339003505756
vt -0.2620036286092875 0.9174989401061616
vt -0.44530851323536 1.0530989042833379
vt -0.4514824680571714 1.1963338645277517
vt -0.2743515382529116 1.2039688605949892
vt -0.26817758343109976 1.0607339003505756
vt -0.4514824680571714 1.1963338645277517
vt -0.4576564228789832 1.3395688247721653
vt -0.2805254930747234 1.3472038208394028
vt -0.2743515382529116 1.2039688605949892
vt -0.4576564228789832 1.3395688247721653
vt -0.4638303777007957 1.4828037850165792
vt -0.2866994478965348 1.4904387810838164
vt -0.2805254930747234 1.3472038208394028
vt -0.2434817641438527 0.48779405937291975
vt -0.2496557189656643 0.6310290196173322
vt -0.0725247891614052 0.6386640156845704
vt -0.06635083433959149 0.4954290554401575
vt -0.2496557189656643 0.6310290196173322
vt -0.25582967378747523 0.7742639798617477
vt -0.07869874398321647 0.781898975928986
vt -0.0725247891614052 0.6386640156845704
vt -0.25582967378747523 0.7742639798617477
vt -0.2620036286092875 0.9174989401061616
vt -0.08487269880502768 0.9251339361733988
vt -0.07869874398321647 0.781898975928986
vt -0.2620036286092875 0.9174989401061616
vt -0.26817758343109976 1.0607339003505756
vt -0.09104665362683911 1.0683688964178137
vt -0.08487269880502768 0.9251339361733988
vt -0.26817758343109976 1.0607339003505756
vt -0.2743515382529116 1.2039688605949892
vt -0.0972206084486516 1.2116038566622271
vt -0.09104665362683911 1.0683688964178137
vt -0.2743515382529116 1.2039688605949892
vt -0.2805254930747234 1.3472038208394028
vt -0.10339456327046281 1.35483881690664
vt -0.0972206084486516 1.2116038566622271
vt -0.2805254930747234 1.3472038208394028
vt -0.2866994478965348 1.4904387810838164
vt -0.10956851809227458 1.4980737771510546
vt -0.10339456327046281 1.35483881690664
vt -0.06635083433959149 0.4954290554401575
vt -0.0725247891614052 0.6386640156845704
vt 0.10460614064285653 0.6462990117518088
vt 0.11078009546466866 0.5030640515073943
vt -0.0725247891614052 0.6386640156845704
vt -0.07869874398321647 0.781898975928986
vt 0.09843218582104521 0.7895339719962227
vt 0.10460614064285653 0.6462990117518088
vt -0.07869874398321647 0.781898975928986
vt -0.08487269880502768 0.9251339361733988
vt 0.09225823099923289 0.932768932240637
vt 0.09843218582104521 0.7895339719962227
vt -0.08487269880502768 0.9251339361733988
vt -0.09104665362683911 1.0683688964178137
vt 0.08608427617742079 1.0760038924850508
vt 0.09225823099923289 0.932768932240637
vt -0.09104665362683911 1.0683688964178137
vt -0.0972206084486516 1.2116038566622271
vt 0.07991032135560916 1.219238852729465
vt 0.08608427617742079 1.0760038924850508
vt -0.0972206084486516 1.2116038566622271
vt -0.10339456327046281 1.35483881690664
vt 0.07373636653379764 1.362473812973878
vt 0.07991032135560916 1.219238852729465
vt -0.10339456327046281 1.35483881690664
vt -0.10956851809227458 1.4980737771510546
vt 0.06756241171198599 1.5057087732182919
vt 0.07373636653379764 1.362473812973878
vt 0.11078009546466866 0.5030640515073943
vt 0.10460614064285653 0.6462990117518088
vt 0.2817370704471176 0.6539340078190471
vt 0.2879110252689296 0.5106990475746331
vt 0.10460614064285653 0.6462990117518088
vt 0.09843218582104521 0.7895339719962227
vt 0.2755631156253055 0.7971689680634607
vt 0.2817370704471176 0.6539340078190471
vt 0.09843218582104521 0.7895339719962227
vt 0.09225823099923289 0.932768932240637
vt 0.269389160803493 0.9404039283078751
vt 0.2755631156253055 0.7971689680634607
vt 0.09225823099923289 0.932768932240637
vt 0.08608427617742079 1.0760038924850508
vt 0.26321520598168235 1.0836388885522878
vt 0.269389160803493 0.9404039283078751
vt 0.08608427617742079 1.0760038924850508
vt 0.07991032135560916 1.219238852729465
vt 0.25704125115987025 1.2268738487967021
vt 0.26321520598168235 1.0836388885522878
vt 0.07991032135560916 1.219238852729465
vt 0.07373636653379764 1.362473812973878
vt 0.2508672963380589 1.3701088090411149
vt 0.25704125115987025 1.2268738487967021
vt 0.07373636653379764 1.362473812973878
vt 0.06756241171198599 1.5057087732182919
vt 0.24469334151624683 1.513343769285529
vt 0.2508672963380589 1.3701088090411149
vt 0.2879110252689296 0.5106990475746331
vt 0.2817370704471176 0.6539340078190471
vt 0.4588680002513781 0.6615690038862845
vt 0.46504195507318946 0.5183340436418695
vt 0.2817370704471176 0.6539340078190471
vt 0.2755631156253055 0.7971689680634607
vt 0.4526940454295654 0.8048039641306977
vt 0.4588680002513781 0.6615690038862845
vt 0.2755631156253055 0.7971689680634607
vt 0.269389160803493 0.9404039283078751
vt 0.4465200906077553 0.9480389243751115
vt 0.4526940454295654 0.8048039641306977
vt 0.269389160803493 0.9404039283078751
vt 0.26321520598168235 1.0836388885522878
vt 0.4403461357859425 1.0912738846195258
vt 0.4465200906077553 0.9480389243751115
vt 0.26321520598168235 1.0836388885522878
vt 0.25704125115987025 1.2268738487967021
vt 0.4341721809641301 1.2345088448639396
vt 0.4403461357859425 1.0912738846195258
vt 0.25704125115987025 1.2268738487967021
vt 0.2508672963380589 1.3701088090411149
vt 0.427998226142318 1.377743805108354
vt 0.4341721809641301 1.2345088448639396
vt 0.2508672963380589 1.3701088090411149
vt 0.24469334151624683 1.513343769285529
vt 0.4218242713205075 1.5209787653527669
vt 0.427998226142318 1.377743805108354
vt 0.4588680002513781 0.6615690038862845
vt 0.4526940454295654 0.8048039641306977
vt 0.629824975233827 0.8124389601979348
vt 0.6359989300556377 0.6692039999535215
vt 0.4526940454295654 0.8048039641306977
vt 0.4465200906077553 0.9480389243751115
vt 0.6236510204120153 0.9556739204423494
vt 0.629824975233827 0.8124389601979348
vt 0.4465200906077553 0.9480389243751115
vt 0.4403461357859425 1.0912738846195258
vt 0.6174770655902024 1.0989088806867635
vt 0.6236510204120153 0.9556739204423494
vt 0.4403461357859425 1.0912738846195258
vt 0.4341721809641301 1.2345088448639396
vt 0.6113031107683913 1.2421438409311767
vt 0.6174770655902024 1.0989088806867635
vt 0.4341721809641301 1.2345088448639396
vt 0.427998226142318 1.377743805108354
vt 0.6051291559465786 1.3853788011755908
vt 0.6113031107683913 1.2421438409311767
vt 0.6146619940331264 0.5247832188948967
vt 0.46504195507318946 0.5183340436418695
vt 0.4588680002513781 0.6615690038862845
vt 0.6359989300556377 0.6692039999535215
vt 0.6409613075050551 0.5540774794007588
vt 0.599944626747877 1.5056592138275682
vt 0.6051291559465786 1.3853788011755908
vt 0.427998226142318 1.377743805108354
vt 0.4218242713205075 1.5209787653527669
vt 0.5597704327122656 1.5269247534468877
vt -0.5984885362467045 0.48980594159457336
vt -0.603917578574185 0.6157590274828602
vt -0.42678664876992545 0.6233940235500952
vt -0.42061269394811296 0.4801590633056825
vt -0.5849563343240132 0.4730752465531124
# 199 uvs
vn -0.029713077629651807 0.9986683043013219 -0.0301827052382203
vn 0.017447524473752613 0.9990214701368807 0.01163634263209602
vn -0.011568060816100083 0.9989792880729238 -0.00386034113794966
vn -0.013225331751838296 0.9988637020236406 -0.015611012954415384
vn 0.03546523501412063 0.9986429715360364 -0.006716616841728121
vn -0.0018245430016832192 0.9988093719734858 -0.00019649820256903688
vn -0.020122236969105693 0.9982192922983544 0.002140823622021712
vn -0.01738123663155166 0.9987246386350249 0.017351640460064585
vn -0.030875637459861875 0.9986684848705247 0.018166662971010914
vn -0.016712666650806222 0.998468393715684 0.000581718785504854
vn 0.03552914036052291 0.9985488572873129 0.00032768879414980844
vn 0.011069354457744113 0.9985400277762106 -0.016919826317331528
vn 0.07519850092705646 0.997134804821796 0.008207708043201098
vn 0.026872161311409057 0.9984464412788339 0.006527912352400774
vn -0.0008930355174311504 0.9982414677361361 -0.017066618400125154
vn 0.0038208168496919577 0.9993136572515375 0.0035442927887879058
vn 0.007954980963970243 0.9993485256608252 0.013224175161167858
vn -0.005055413834787888 0.9990475175356454 -0.015521472834310508
vn -0.009575428106286442 0.9988926580664848 0.006434982467808992
vn -0.006717504032757341 0.9992837044885369 0.02845724264954767
vn -0.000281761202468304 0.9986314152193935 -0.024125836784366177
vn 0.0011331124474561333 0.9987130668762736 -0.029855452160031232
vn -0.0012518849580823808 0.9997616423869049 0.007677933527118265
vn -0.00034215478872535315 0.9995665282942772 -0.003797303206095914
vn -0.010767661957037107 0.9994786408323729 -0.018070127871731175
vn 0.010758292829162484 0.9993862193725136 -0.012923641587833708
vn 0.010592714421366266 0.9987002085303718 0.010463139386202901
vn 0.006931853155728161 0.9990854032730389 0.025910468355650466
vn 0.007753290201785606 0.9986673177049467 -0.03771173705556333
vn 0.007464757451254611 0.9982039324667864 -0.017497757894123434
vn 0.003534445246400365 0.9989616419978593 0.03499981162656815
vn 0.0157977688255894 0.9993865570590151 -0.007654581254340678
vn 0.022235172302367778 0.9991057967872157 -0.026477759820278536
vn 0.0002457280151768543 0.9996481878787515 -0.004102494989585718
vn -0.009649742399936692 0.9989139991665231 0.017818742304218923
vn -0.002054802377799248 0.9988755265384919 0.015662362775508004
vn -0.00397667902645326 0.9988028600661262 -0.031142393325849043
vn -0.024408144500069597 0.9979175208429756 0.006504110188647822
vn -0.0345419602214151 0.9977814347243243 0.051606660680803274
vn 0.02226434745816331 0.998719861492901 0.001109873245247795
vn 0.02077437030101256 0.9986966298610225 -0.035028650170001764
vn 0.009610982706404035 0.9993097454344322 0.022647237395614004
vn -0.00165179907318312 0.9994370717018602 0.01740318509141739
vn -0.0007055030889370156 0.9993213820212987 0.004361165034635783
vn -0.007719429404609189 0.9995870960709803 -0.012102792355908647
vn -0.0005382831876776552 0.998293680102491 0.005877829293279917
vn 0.011722525199849298 0.9970581864459831 0.01792328131554457
vn 0.0011302723083585296 0.9984027132902602 0.00891382107988653
vn 0.00461619943777096 0.9989219777338367 -0.04413358921088559
vn -0.003197601757668479 0.9988501551885904 0.03973942166398897
vn -0.004214838783717371 0.9995361395537767 0.01453494537676244
vn -0.006684334403878545 0.999581378038571 0.008482207866925415
vn -0.004996366254616359 0.9996473787326778 -0.011429552522891653
vn 0.007237738368263209 0.998549115794187 -0.018742106011015128
vn 0.015489669311153725 0.9977108126231038 -0.009212970038601715
vn -0.016169480119739288 0.9987626855831162 0.04014074097262023
vn -0.005609083497571353 0.9985739758813099 0.016021245820974226
vn -0.025647528258760228 0.99943526069817 0.01552107090575008
vn -0.028725745468454935 0.9994376625708283 0.012097902505282216
vn -0.016027638719678113 0.9993861779236983 -0.016763281043268595
vn -0.03253710445081974 0.9988329836232093 -0.026779697334297182
vn 0.010628044801060062 0.9994342102971583 -0.03191087512748534
vn 0.010628044801060062 0.9994342102971583 -0.03191087512748534
vn -0.049668114324948484 0.9987100448451096 -0.01055105420718624
vn -0.049668114324948484 0.9987100448451096 -0.01055105420718624
vn -0.04075731495406929 0.997515086792466 -0.057467320271208995
vn -0.04075731495406929 0.997515086792466 -0.057467320271208995
# 67 normals
usemtl #ffe99898
f 406/1198/406 405/1197/405 404/1196/404 403/1195/403 
f 405/1202/405 408/1201/408 407/1200/407 404/1199/404 
f 408/1206/408 410/1205/410 409/1204/409 407/1203/407 
f 410/1210/410 412/1209/412 411/1208/411 409/1207/409 
f 412/1214/412 414/1213/414 413/1212/413 411/1211/411 
f 414/1218/414 416/1217/416 415/1216/415 413/1215/413 
f 419/1222/419 418/1221/418 406/1220/406 417/1219/417 
f 424/1246/424 425/1245/425 416/1244/416 414/1243/414 
f 427/1250/427 426/1249/426 418/1248/418 419/1247/419 
f 428/1258/428 429/1257/429 421/1256/421 420/1255/420 
f 429/1262/429 430/1261/430 422/1260/422 421/1259/421 
f 430/1266/430 431/1265/431 423/1264/423 422/1263/422 
f 432/1274/432 433/1273/433 425/1272/425 424/1271/424 
f 435/1278/435 434/1277/434 426/1276/426 427/1275/427 
f 436/1286/436 437/1285/437 429/1284/429 428/1283/428 
f 438/1294/438 439/1293/439 431/1292/431 430/1291/430 
f 440/1302/440 441/1301/441 433/1300/433 432/1299/432 
f 443/1306/443 442/1305/442 434/1304/434 435/1303/435 
f 444/1314/444 445/1313/445 437/1312/437 436/1311/436 
f 445/1318/445 446/1317/446 438/1316/438 437/1315/437 
f 446/1322/446 447/1321/447 439/1320/439 438/1319/438 
f 448/1330/448 449/1329/449 441/1328/441 440/1327/440 
f 451/1334/451 450/1333/450 442/1332/442 443/1331/443 
f 456/1358/456 457/1357/457 449/1356/449 448/1355/448 
f 459/1362/459 458/1361/458 452/1360/452 450/1359/450 
f 458/1366/458 460/1365/460 453/1364/453 452/1363/452 
f 460/1370/460 461/1369/461 454/1368/454 453/1367/453 
f 461/1374/461 462/1373/462 455/1372/455 454/1371/454 
f 462/1378/462 463/1377/463 456/1376/456 455/1375/455 
f 465/1383/465 459/1382/459 450/1381/450 451/1380/451 464/1379/464 
f 467/1388/467 457/1387/457 456/1386/456 463/1385/463 466/1384/466 
f 469/1393/469 417/1392/417 406/1391/406 403/1390/403 468/1389/468 
usemtl #ffddc7c7
f 418/1226/418 420/1225/420 405/1224/405 406/1223/406 
f 420/1230/420 421/1229/421 408/1228/408 405/1227/405 
f 421/1234/421 422/1233/422 410/1232/410 408/1231/408 
f 422/1238/422 423/1237/423 412/1236/412 410/1235/410 
f 423/1242/423 424/1241/424 414/1240/414 412/1239/412 
f 426/1254/426 428/1253/428 420/1252/420 418/1251/418 
f 431/1270/431 432/1269/432 424/1268/424 423/1267/423 
f 434/1282/434 436/1281/436 428/1280/428 426/1279/426 
f 437/1290/437 438/1289/438 430/1288/430 429/1287/429 
f 439/1298/439 440/1297/440 432/1296/432 431/1295/431 
f 442/1310/442 444/1309/444 436/1308/436 434/1307/434 
f 447/1326/447 448/1325/448 440/1324/440 439/1323/439 
f 450/1338/450 452/1337/452 444/1336/444 442/1335/442 
f 452/1342/452 453/1341/453 445/1340/445 444/1339/444 
f 453/1346/453 454/1345/454 446/1344/446 445/1343/445 
f 454/1350/454 455/1349/455 447/1348/447 446/1347/446 
f 455/1354/455 456/1353/456 448/1352/448 447/1351/447 
# 49 polygons
g carpet
v -354.46010137156344 1.1578502118345124 -458.51949112302464
v -356.04063380594744 3.3969722730057823 -495.18764094559424
v -310.6951157760565 1.8630855138794855 -497.1421999388074
v -309.114583341673 4.373804676128734 -460.4740501162368
v -357.62116624033104 5.291206067269764 -531.8557907681641
v -312.2756482104403 2.0611598204949235 -533.8103497613769
v -359.20169867471486 1.500783278958239 -568.5239405907342
v -313.85618064482424 2.999399868035952 -570.4784995839469
v -360.7822311090985 1.816262478871094 -605.192090413304
v -315.43671307920795 5.728214166769046 -607.1466494065169
v -362.36276354348234 5.271744544657924 -641.860240235874
v -317.0172455135918 1.7057635980783523 -643.8147992290867
v -363.94329597786617 5.5304096234278575 -678.5283900584438
v -318.59777794797577 2.289141412466276 -680.4829490516568
v -307.534050907289 5.075061000938425 -423.80590029366715
v -263.76906531178213 4.269879514423041 -462.42860910944944
v -262.18853287739836 1.7323018607133234 -425.7604592868799
v -265.3495977461657 4.812686215138818 -499.09675893201984
v -266.93013018054967 3.4836888864038924 -535.7649087545898
v -268.5106626149336 4.356543418549007 -572.4330585771597
v -270.09119504931743 4.503703981323276 -609.1012083997297
v -271.67172748370126 3.12780862042652 -645.7693582222996
v -273.252259918085 2.832225316822168 -682.4375080448694
v -218.42354728189179 2.8621659208529557 -464.38316810266247
v -216.8430148475075 5.244210858057772 -427.71501828009275
v -220.0040797162755 3.3843270362856206 -501.05131792523287
v -221.58461215065915 2.124811549747503 -537.7194677478025
v -223.16514458504287 4.9287671967155475 -574.3876175703728
v -224.74567701942686 4.68892941667975 -611.0557673929426
v -226.32620945381055 1.5779012423530023 -647.7239172155123
v -227.90674188819435 2.704182589606635 -684.3920670380824
v -173.0780292520008 3.660088511637566 -466.3377270958755
v -171.49749681761688 4.154221535507799 -429.6695772733054
v -174.6585616863845 3.673863821341925 -503.00587691844544
v -176.23909412076844 2.261992580536786 -539.6740267410155
v -177.81962655515235 4.254786911379628 -576.3421765635854
v -179.40015898953612 3.817004628620956 -613.0103263861555
v -180.98069142391986 1.1937767144162326 -649.6784762087252
v -182.56122385830366 4.400832606615494 -686.3466260312952
v -127.73251122210996 1.743140629683472 -468.2922860890885
v -126.1519787877261 2.118922294654789 -431.6241362665185
v -129.31304365649385 2.8914451351115202 -504.96043591165835
v -130.89357609087784 4.0752457622203355 -541.6285857342285
v -132.47410852526139 5.303358237106324 -578.2967355567981
v -134.05464095964527 2.98250380875682 -614.9648853793682
v -135.63517339402898 5.570422289433154 -651.6330352019379
v -137.21570582841287 5.396787497546279 -688.3011850245078
v -82.38699319221928 4.440892098500626e-16 -470.24684508230126
v -80.80646075783557 3.7681827670664845 -433.57869525973103
v -83.96752562660333 3.3124560273051786 -506.91499490487104
v -85.5480580609867 3.508440712684621 -543.583144727441
v -87.12859049537079 2.9972754361417975 -580.251294550011
v -88.70912292975476 5.412449335170012 -616.919444372581
v -90.28965536413867 1.8741025504269588 -653.587594195151
v -91.87018779852215 1.724089894134389 -690.2557440177208
v -38.622007596712365 3.434002424452517 -508.8695538980837
v -37.04147516232882 2.1148233604071534 -472.20140407551395
v -40.20254003109616 4.402512383970251 -545.5377037206539
v -41.783072465480245 5.86466616741798 -582.2058535432238
v -43.3636048998639 4.092339666698846 -618.8740033657937
v -44.944137334247955 4.4245668060921455 -655.5421531883637
v -42.503730784091715 1.083011561681242 -435.229684124506
v -35.771106535277966 0.783213375164701 -442.7290148140067
v -46.271376809115566 3.7581619921039113 -686.3339388272699
v -56.555970482232084 3.209142350975763 -691.7779169698157
v -353.0702665357284 4.381363450850606 -426.27550113562324
v -349.60602284351944 4.841806984810419 -421.9924432050092
# 67 vertices
vt -0.603917578574185 0.6157590274828602
vt -0.6100915333959975 0.7589939877272727
vt -0.43296060359173616 0.7666289837945114
vt -0.42678664876992545 0.6233940235500952
vt -0.6100915333959975 0.7589939877272727
vt -0.6162654882178085 0.9022289479716863
vt -0.43913455841354776 0.9098639440389238
vt -0.43296060359173616 0.7666289837945114
vt -0.6162654882178085 0.9022289479716863
vt -0.6224394430396203 1.0454639082161006
vt -0.44530851323536 1.0530989042833379
vt -0.43913455841354776 0.9098639440389238
vt -0.6224394430396203 1.0454639082161006
vt -0.6286133978614314 1.1886988684605138
vt -0.4514824680571714 1.1963338645277517
vt -0.44530851323536 1.0530989042833379
vt -0.6286133978614314 1.1886988684605138
vt -0.6347873526832433 1.3319338287049283
vt -0.4576564228789832 1.3395688247721653
vt -0.4514824680571714 1.1963338645277517
vt -0.6347873526832433 1.3319338287049283
vt -0.6409613075050551 1.4751687889493417
vt -0.4638303777007957 1.4828037850165792
vt -0.4576564228789832 1.3395688247721653
vt -0.42061269394811296 0.4801590633056825
vt -0.42678664876992545 0.6233940235500952
vt -0.2496557189656643 0.6310290196173322
vt -0.2434817641438527 0.48779405937291975
vt -0.42678664876992545 0.6233940235500952
vt -0.43296060359173616 0.7666289837945114
vt -0.25582967378747523 0.7742639798617477
vt -0.2496557189656643 0.6310290196173322
vt -0.43296060359173616 0.7666289837945114
vt -0.43913455841354776 0.9098639440389238
vt -0.2620036286092875 0.9174989401061616
vt -0.25582967378747523 0.7742639798617477
vt -0.43913455841354776 0.9098639440389238
vt -0.44530851323536 1.0530989042833379
vt -0.26817758343109976 1.0607339003505756
vt -0.2620036286092875 0.9174989401061616
vt -0.44530851323536 1.0530989042833379
vt -0.4514824680571714 1.1963338645277517
vt -0.2743515382529116 1.2039688605949892
vt -0.26817758343109976 1.0607339003505756
vt -0.4514824680571714 1.1963338645277517
vt -0.4576564228789832 1.3395688247721653
vt -0.2805254930747234 1.3472038208394028
vt -0.2743515382529116 1.2039688605949892
vt -0.4576564228789832 1.3395688247721653
vt -0.4638303777007957 1.4828037850165792
vt -0.2866994478965348 1.4904387810838164
vt -0.2805254930747234 1.3472038208394028
vt -0.2434817641438527 0.48779405937291975
vt -0.2496557189656643 0.6310290196173322
vt -0.0725247891614052 0.6386640156845704
vt -0.06635083433959149 0.4954290554401575
vt -0.2496557189656643 0.6310290196173322
vt -0.25582967378747523 0.7742639798617477
vt -0.07869874398321647 0.781898975928986
vt -0.0725247891614052 0.6386640156845704
vt -0.25582967378747523 0.7742639798617477
vt -0.2620036286092875 0.9174989401061616
vt -0.08487269880502768 0.9251339361733988
vt -0.07869874398321647 0.781898975928986
vt -0.2620036286092875 0.9174989401061616
vt -0.26817758343109976 1.0607339003505756
vt -0.09104665362683911 1.0683688964178137
vt -0.08487269880502768 0.9251339361733988
vt -0.26817758343109976 1.0607339003505756
vt -0.2743515382529116 1.2039688605949892
vt -0.0972206084486516 1.2116038566622271
vt -0.09104665362683911 1.0683688964178137
vt -0.2743515382529116 1.2039688605949892
vt -0.2805254930747234 1.3472038208394028
vt -0.10339456327046281 1.35483881690664
vt -0.0972206084486516 1.2116038566622271
vt -0.2805254930747234 1.3472038208394028
vt -0.2866994478965348 1.4904387810838164
vt -0.10956851809227458 1.4980737771510546
vt -0.10339456327046281 1.35483881690664
vt -0.06635083433959149 0.4954290554401575
vt -0.0725247891614052 0.6386640156845704
vt 0.10460614064285653 0.6462990117518088
vt 0.11078009546466866 0.5030640515073943
vt -0.0725247891614052 0.6386640156845704
vt -0.07869874398321647 0.781898975928986
vt 0.09843218582104521 0.7895339719962227
vt 0.10460614064285653 0.6462990117518088
vt -0.07869874398321647 0.781898975928986
vt -0.08487269880502768 0.9251339361733988
vt 0.09225823099923289 0.932768932240637
vt 0.09843218582104521 0.7895339719962227
vt -0.08487269880502768 0.9251339361733988
vt -0.09104665362683911 1.0683688964178137
vt 0.08608427617742079 1.0760038924850508
vt 0.09225823099923289 0.932768932240637
vt -0.09104665362683911 1.0683688964178137
vt -0.0972206084486516 1.2116038566622271
vt 0.07991032135560916 1.219238852729465
vt 0.08608427617742079 1.0760038924850508
vt -0.0972206084486516 1.2116038566622271
vt -0.10339456327046281 1.35483881690664
vt 0.07373636653379764 1.362473812973878
vt 0.07991032135560916 1.219238852729465
vt -0.10339456327046281 1.35483881690664
vt -0.10956851809227458 1.4980737771510546
vt 0.06756241171198599 1.5057087732182919
vt 0.07373636653379764 1.362473812973878
vt 0.11078009546466866 0.5030640515073943
vt 0.10460614064285653 0.6462990117518088
vt 0.2817370704471176 0.6539340078190471
vt 0.2879110252689296 0.5106990475746331
vt 0.10460614064285653 0.6462990117518088
vt 0.09843218582104521 0.7895339719962227
vt 0.2755631156253055 0.7971689680634607
vt 0.2817370704471176 0.6539340078190471
vt 0.09843218582104521 0.7895339719962227
vt 0.09225823099923289 0.932768932240637
vt 0.269389160803493 0.9404039283078751
vt 0.2755631156253055 0.7971689680634607
vt 0.09225823099923289 0.932768932240637
vt 0.08608427617742079 1.0760038924850508
vt 0.26321520598168235 1.0836388885522878
vt 0.269389160803493 0.9404039283078751
vt 0.08608427617742079 1.0760038924850508
vt 0.07991032135560916 1.219238852729465
vt 0.25704125115987025 1.2268738487967021
vt 0.26321520598168235 1.0836388885522878
vt 0.07991032135560916 1.219238852729465
vt 0.07373636653379764 1.362473812973878
vt 0.2508672963380589 1.3701088090411149
vt 0.25704125115987025 1.2268738487967021
vt 0.07373636653379764 1.362473812973878
vt 0.06756241171198599 1.5057087732182919
vt 0.24469334151624683 1.513343769285529
vt 0.2508672963380589 1.3701088090411149
vt 0.2879110252689296 0.5106990475746331
vt 0.2817370704471176 0.6539340078190471
vt 0.4588680002513781 0.6615690038862845
vt 0.46504195507318946 0.5183340436418695
vt 0.2817370704471176 0.6539340078190471
vt 0.2755631156253055 0.7971689680634607
vt 0.4526940454295654 0.8048039641306977
vt 0.4588680002513781 0.6615690038862845
vt 0.2755631156253055 0.7971689680634607
vt 0.269389160803493 0.9404039283078751
vt 0.4465200906077553 0.9480389243751115
vt 0.4526940454295654 0.8048039641306977
vt 0.269389160803493 0.9404039283078751
vt 0.26321520598168235 1.0836388885522878
vt 0.4403461357859425 1.0912738846195258
vt 0.4465200906077553 0.9480389243751115
vt 0.26321520598168235 1.0836388885522878
vt 0.25704125115987025 1.2268738487967021
vt 0.4341721809641301 1.2345088448639396
vt 0.4403461357859425 1.0912738846195258
vt 0.25704125115987025 1.2268738487967021
vt 0.2508672963380589 1.3701088090411149
vt 0.427998226142318 1.377743805108354
vt 0.4341721809641301 1.2345088448639396
vt 0.2508672963380589 1.3701088090411149
vt 0.24469334151624683 1.513343769285529
vt 0.4218242713205075 1.5209787653527669
vt 0.427998226142318 1.377743805108354
vt 0.4588680002513781 0.6615690038862845
vt 0.4526940454295654 0.8048039641306977
vt 0.629824975233827 0.8124389601979348
vt 0.6359989300556377 0.6692039999535215
vt 0.4526940454295654 0.8048039641306977
vt 0.4465200906077553 0.9480389243751115
vt 0.6236510204120153 0.9556739204423494
vt 0.629824975233827 0.8124389601979348
vt 0.4465200906077553 0.9480389243751115
vt 0.4403461357859425 1.0912738846195258
vt 0.6174770655902024 1.0989088806867635
vt 0.6236510204120153 0.9556739204423494
vt 0.4403461357859425 1.0912738846195258
vt 0.4341721809641301 1.2345088448639396
vt 0.6113031107683913 1.2421438409311767
vt 0.6174770655902024 1.0989088806867635
vt 0.4341721809641301 1.2345088448639396
vt 0.427998226142318 1.377743805108354
vt 0.6051291559465786 1.3853788011755908
vt 0.6113031107683913 1.2421438409311767
vt 0.6146619940331264 0.5247832188948967
vt 0.46504195507318946 0.5183340436418695
vt 0.4588680002513781 0.6615690038862845
vt 0.6359989300556377 0.6692039999535215
vt 0.6409613075050551 0.5540774794007588
vt 0.599944626747877 1.5056592138275682
vt 0.6051291559465786 1.3853788011755908
vt 0.427998226142318 1.377743805108354
vt 0.4218242713205075 1.5209787653527669
vt 0.5597704327122656 1.5269247534468877
vt -0.5984885362467045 0.48980594159457336
vt -0.603917578574185 0.6157590274828602
vt -0.42678664876992545 0.6233940235500952
vt -0.42061269394811296 0.4801590633056825
vt -0.5849563343240132 0.4730752465531124
# 199 uvs
vn -0.029713077629651828 0.9986683043013219 -0.030182705238220336
vn 0.017447524473752564 0.9990214701368807 0.011636342632096069
vn -0.011568060816100055 0.9989792880729237 -0.003860341137949643
vn -0.0132253317518383 0.9988637020236406 -0.015611012954415412
vn 0.035465235014120765 0.9986429715360364 -0.006716616841728033
vn -0.0018245430016831446 0.9988093719734858 -0.00019649820256899264
vn -0.02012223696910541 0.9982192922983544 0.0021408236220217328
vn -0.01738123663155156 0.9987246386350249 0.017351640460064592
vn -0.03087563745986178 0.9986684848705247 0.018166662971010883
vn -0.016712666650806198 0.998468393715684 0.0005817187855048575
vn 0.03552914036052274 0.9985488572873129 0.0003276887941497876
vn 0.011069354457744034 0.9985400277762106 -0.016919826317331518
vn 0.07519850092705613 0.997134804821796 0.008207708043201072
vn 0.026872161311408904 0.9984464412788339 0.006527912352400763
vn -0.0008930355174312128 0.9982414677361361 -0.017066618400125196
vn 0.0038208168496919465 0.9993136572515375 0.00354429278878789
vn 0.007954980963970217 0.9993485256608252 0.01322417516116786
vn -0.005055413834787874 0.9990475175356454 -0.015521472834310553
vn -0.009575428106286444 0.9988926580664848 0.006434982467808955
vn -0.006717504032757386 0.9992837044885368 0.028457242649547663
vn -0.00028176120246826454 0.9986314152193935 -0.024125836784366132
vn 0.0011331124474562 0.9987130668762736 -0.02985545216003118
vn -0.0012518849580823756 0.999761642386905 0.007677933527118276
vn -0.0003421547887253835 0.9995665282942772 -0.003797303206095926
vn -0.010767661957037123 0.9994786408323728 -0.018070127871731182
vn 0.010758292829162458 0.9993862193725136 -0.012923641587833753
vn 0.010592714421366226 0.9987002085303718 0.010463139386202849
vn 0.006931853155728123 0.999085403273039 0.025910468355650446
vn 0.0077532902017856675 0.9986673177049467 -0.0377117370555633
vn 0.007464757451254635 0.9982039324667864 -0.017497757894123406
vn 0.0035344452464002923 0.9989616419978593 0.03499981162656816
vn 0.015797768825589396 0.9993865570590151 -0.007654581254340679
vn 0.02223517230236775 0.9991057967872156 -0.02647775982027854
vn 0.0002457280151768595 0.9996481878787515 -0.0041024949895857215
vn -0.009649742399936642 0.9989139991665231 0.01781874230421892
vn -0.0020548023777991952 0.9988755265384919 0.015662362775508004
vn -0.0039766790264532835 0.9988028600661263 -0.031142393325849043
vn -0.024408144500069624 0.9979175208429756 0.006504110188647832
vn -0.034541960221415105 0.9977814347243243 0.05160666068080329
vn 0.022264347458163285 0.998719861492901 0.001109873245247809
vn 0.02077437030101256 0.9986966298610224 -0.03502865017000176
vn 0.00961098270640397 0.9993097454344323 0.022647237395614007
vn -0.00165179907318308 0.9994370717018602 0.017403185091417403
vn -0.0007055030889369716 0.9993213820212986 0.004361165034635797
vn -0.007719429404609179 0.9995870960709803 -0.012102792355908642
vn -0.000538283187677617 0.998293680102491 0.005877829293279929
vn 0.01172252519984928 0.9970581864459831 0.017923281315544583
vn 0.0011302723083585061 0.9984027132902602 0.00891382107988654
vn 0.004616199437770942 0.9989219777338367 -0.04413358921088558
vn -0.003197601757668496 0.9988501551885904 0.03973942166398897
vn -0.00421483878371739 0.9995361395537766 0.01453494537676244
vn -0.006684334403878611 0.9995813780385707 0.008482207866925415
vn -0.004996366254616298 0.9996473787326778 -0.01142955252289164
vn 0.007237738368263238 0.9985491157941869 -0.018742106011015114
vn 0.015489669311153562 0.9977108126231037 -0.009212970038601725
vn -0.0161694801197392 0.9987626855831162 0.04014074097262023
vn -0.005609083497571336 0.9985739758813099 0.016021245820974226
vn -0.025647528258760186 0.9994352606981699 0.015521070905750084
vn -0.028725745468454973 0.9994376625708283 0.012097902505282216
vn -0.016027638719678057 0.9993861779236983 -0.016763281043268574
vn -0.03253710445081975 0.9988329836232092 -0.02677969733429716
vn 0.010628044801060027 0.9994342102971583 -0.03191087512748534
vn 0.010628044801060027 0.9994342102971583 -0.03191087512748534
vn -0.04966811432494866 0.9987100448451095 -0.010551054207186246
vn -0.04966811432494866 0.9987100448451095 -0.010551054207186246
vn -0.04075731495406935 0.997515086792466 -0.057467320271209085
vn -0.04075731495406935 0.997515086792466 -0.057467320271209085
# 67 normals
usemtl #ffe99898
f 473/1397/473 472/1396/472 471/1395/471 470/1394/470 
f 472/1401/472 475/1400/475 474/1399/474 471/1398/471 
f 475/1405/475 477/1404/477 476/1403/476 474/1402/474 
f 477/1409/477 479/1408/479 478/1407/478 476/1406/476 
f 479/1413/479 481/1412/481 480/1411/480 478/1410/478 
f 481/1417/481 483/1416/483 482/1415/482 480/1414/480 
f 486/1421/486 485/1420/485 473/1419/473 484/1418/484 
f 491/1445/491 492/1444/492 483/1443/483 481/1442/481 
f 494/1449/494 493/1448/493 485/1447/485 486/1446/486 
f 495/1457/495 496/1456/496 488/1455/488 487/1454/487 
f 496/1461/496 497/1460/497 489/1459/489 488/1458/488 
f 497/1465/497 498/1464/498 490/1463/490 489/1462/489 
f 499/1473/499 500/1472/500 492/1471/492 491/1470/491 
f 502/1477/502 501/1476/501 493/1475/493 494/1474/494 
f 503/1485/503 504/1484/504 496/1483/496 495/1482/495 
f 505/1493/505 506/1492/506 498/1491/498 497/1490/497 
f 507/1501/507 508/1500/508 500/1499/500 499/1498/499 
f 510/1505/510 509/1504/509 501/1503/501 502/1502/502 
f 511/1513/511 512/1512/512 504/1511/504 503/1510/503 
f 512/1517/512 513/1516/513 505/1515/505 504/1514/504 
f 513/1521/513 514/1520/514 506/1519/506 505/1518/505 
f 515/1529/515 516/1528/516 508/1527/508 507/1526/507 
f 518/1533/518 517/1532/517 509/1531/509 510/1530/510 
f 523/1557/523 524/1556/524 516/1555/516 515/1554/515 
f 526/1561/526 525/1560/525 519/1559/519 517/1558/517 
f 525/1565/525 527/1564/527 520/1563/520 519/1562/519 
f 527/1569/527 528/1568/528 521/1567/521 520/1566/520 
f 528/1573/528 529/1572/529 522/1571/522 521/1570/521 
f 529/1577/529 530/1576/530 523/1575/523 522/1574/522 
f 532/1582/532 526/1581/526 517/1580/517 518/1579/518 531/1578/531 
f 534/1587/534 524/1586/524 523/1585/523 530/1584/530 533/1583/533 
f 536/1592/536 484/1591/484 473/1590/473 470/1589/470 535/1588/535 
usemtl #ffddc7c7
f 485/1425/485 487/1424/487 472/1423/472 473/1422/473 
f 487/1429/487 488/1428/488 475/1427/475 472/1426/472 
f 488/1433/488 489/1432/489 477/1431/477 475/1430/475 
f 489/1437/489 490/1436/490 479/1435/479 477/1434/477 
f 490/1441/490 491/1440/491 481/1439/481 479/1438/479 
f 493/1453/493 495/1452/495 487/1451/487 485/1450/485 
f 498/1469/498 499/1468/499 491/1467/491 490/1466/490 
f 501/1481/501 503/1480/503 495/1479/495 493/1478/493 
f 504/1489/504 505/1488/505 497/1487/497 496/1486/496 
f 506/1497/506 507/1496/507 499/1495/499 498/1494/498 
f 509/1509/509 511/1508/511 503/1507/503 501/1506/501 
f 514/1525/514 515/1524/515 507/1523/507 506/1522/506 
f 517/1537/517 519/1536/519 511/1535/511 509/1534/509 
f 519/1541/519 520/1540/520 512/1539/512 511/1538/511 
f 520/1545/520 521/1544/521 513/1543/513 512/1542/512 
f 521/1549/521 522/1548/522 514/1547/514 513/1546/513 
f 522/1553/522 523/1552/523 515/1551/515 514/1550/514 
# 49 polygons
g carpet
v -95.0224909391847 1.1578502118345124 -479.072611240593
v -96.6030233735687 3.3969722730057823 -515.7407610631626
v -51.257505343677785 1.8630855138794855 -517.6953200563757
v -49.67697290929424 4.373804676128734 -481.0271702338052
v -98.1835558079523 5.291206067269764 -552.4089108857324
v -52.838037778061555 2.0611598204949235 -554.3634698789452
v -99.76408824233613 1.500783278958239 -589.0770607083026
v -54.418570212445495 2.999399868035952 -591.0316197015153
v -101.34462067671979 1.816262478871094 -625.7452105308723
v -55.99910264682921 5.728214166769046 -627.6997695240852
v -102.92515311110361 5.271744544657924 -662.4133603534424
v -57.579635081213034 1.7057635980783523 -664.3679193466551
v -104.50568554548744 5.5304096234278575 -699.0815101760122
v -59.16016751559703 2.289141412466276 -701.0360691692251
v -48.096440474910246 5.075061000938425 -444.3590204112355
v -4.331454879403388 4.269879514423041 -482.9817292270178
v -2.7509224450196186 1.7323018607133234 -446.31357940444826
v -5.911987313786987 4.812686215138818 -519.6498790495882
v -7.492519748170928 3.4836888864038924 -556.3180288721582
v -9.073052182554868 4.356543418549007 -592.9861786947281
v -10.653584616938694 4.503703981323276 -629.654328517298
v -12.23411705132252 3.12780862042652 -666.322478339868
v -13.814649485706234 2.832225316822168 -702.9906281624378
v 41.01406315048694 2.8621659208529557 -484.93628822023084
v 42.59459558487125 5.244210858057772 -448.2681383976611
v 39.433530716103256 3.3843270362856206 -521.6044380428012
v 37.852998281719586 2.124811549747503 -558.2725878653708
v 36.27246584733586 4.9287671967155475 -594.9407376879411
v 34.69193341295186 4.68892941667975 -631.608887510511
v 33.11140097856819 1.5779012423530023 -668.2770373330807
v 31.53086854418438 2.704182589606635 -704.9451871556507
v 86.35958118037794 3.660088511637566 -486.89084721344386
v 87.94011361476186 4.154221535507799 -450.22269739087375
v 84.77904874599425 3.673863821341925 -523.5589970360138
v 83.19851631161029 2.261992580536786 -560.2271468585839
v 81.6179838772264 4.254786911379628 -596.8952966811538
v 80.03745144284261 3.817004628620956 -633.5634465037239
v 78.45691900845887 1.1937767144162326 -670.2315963262936
v 76.87638657407508 4.400832606615494 -706.8997461488635
v 131.70509921026877 1.743140629683472 -488.8454062066569
v 133.28563164465265 2.118922294654789 -452.1772563840869
v 130.1245667758849 2.8914451351115202 -525.5135560292267
v 128.5440343415009 4.0752457622203355 -562.1817058517969
v 126.96350190711735 5.303358237106324 -598.8498556743665
v 125.38296947273346 2.98250380875682 -635.5180054969366
v 123.80243703834975 5.570422289433154 -672.1861553195063
v 122.22190460396587 5.396787497546279 -708.8543051420762
v 177.05061724015945 4.440892098500626e-16 -490.79996519986963
v 178.63114967454317 3.7681827670664845 -454.1318153772994
v 175.4700848057754 3.3124560273051786 -527.4681150224394
v 173.88955237139203 3.508440712684621 -564.1362648450094
v 172.30901993700795 2.9972754361417975 -600.8044146675794
v 170.72848750262398 5.412449335170012 -637.4725644901494
v 169.14795506824007 1.8741025504269588 -674.1407143127194
v 167.56742263385658 1.724089894134389 -710.8088641352891
v 220.81560283566637 3.434002424452517 -529.4226740156521
v 222.3961352700499 2.1148233604071534 -492.7545241930823
v 219.23507040128257 4.402512383970251 -566.0908238382223
v 217.6545379668985 5.86466616741798 -602.7589736607922
v 216.07400553251483 4.092339666698846 -639.427123483362
v 214.49347309813078 4.4245668060921455 -676.0952733059321
v 216.93387964828702 1.083011561681242 -455.78280424207435
v 223.66650389710077 0.783213375164701 -463.28213493157506
v 213.16623362326317 3.7581619921039113 -706.8870589448383
v 202.88163995014665 3.209142350975763 -712.3310370873841
v -93.63265610334969 4.381363450850606 -446.8286212531916
v -90.16841241114071 4.841806984810419 -442.54556332257755
# 67 vertices
vt -0.603917578574185 0.6157590274828602
vt -0.6100915333959975 0.7589939877272727
vt -0.43296060359173616 0.7666289837945114
vt -0.42678664876992545 0.6233940235500952
vt -0.6100915333959975 0.7589939877272727
vt -0.6162654882178085 0.9022289479716863
vt -0.43913455841354776 0.9098639440389238
vt -0.43296060359173616 0.7666289837945114
vt -0.6162654882178085 0.9022289479716863
vt -0.6224394430396203 1.0454639082161006
vt -0.44530851323536 1.0530989042833379
vt -0.43913455841354776 0.9098639440389238
vt -0.6224394430396203 1.0454639082161006
vt -0.6286133978614314 1.1886988684605138
vt -0.4514824680571714 1.1963338645277517
vt -0.44530851323536 1.0530989042833379
vt -0.6286133978614314 1.1886988684605138
vt -0.6347873526832433 1.3319338287049283
vt -0.4576564228789832 1.3395688247721653
vt -0.4514824680571714 1.1963338645277517
vt -0.6347873526832433 1.3319338287049283
vt -0.6409613075050551 1.4751687889493417
vt -0.4638303777007957 1.4828037850165792
vt -0.4576564228789832 1.3395688247721653
vt -0.42061269394811296 0.4801590633056825
vt -0.42678664876992545 0.6233940235500952
vt -0.2496557189656643 0.6310290196173322
vt -0.2434817641438527 0.48779405937291975
vt -0.42678664876992545 0.6233940235500952
vt -0.43296060359173616 0.7666289837945114
vt -0.25582967378747523 0.7742639798617477
vt -0.2496557189656643 0.6310290196173322
vt -0.43296060359173616 0.7666289837945114
vt -0.43913455841354776 0.9098639440389238
vt -0.2620036286092875 0.9174989401061616
vt -0.25582967378747523 0.7742639798617477
vt -0.43913455841354776 0.9098639440389238
vt -0.44530851323536 1.0530989042833379
vt -0.26817758343109976 1.0607339003505756
vt -0.2620036286092875 0.9174989401061616
vt -0.44530851323536 1.0530989042833379
vt -0.4514824680571714 1.1963338645277517
vt -0.2743515382529116 1.2039688605949892
vt -0.26817758343109976 1.0607339003505756
vt -0.4514824680571714 1.1963338645277517
vt -0.4576564228789832 1.3395688247721653
vt -0.2805254930747234 1.3472038208394028
vt -0.2743515382529116 1.2039688605949892
vt -0.4576564228789832 1.3395688247721653
vt -0.4638303777007957 1.4828037850165792
vt -0.2866994478965348 1.4904387810838164
vt -0.2805254930747234 1.3472038208394028
vt -0.2434817641438527 0.48779405937291975
vt -0.2496557189656643 0.6310290196173322
vt -0.0725247891614052 0.6386640156845704
vt -0.06635083433959149 0.4954290554401575
vt -0.2496557189656643 0.6310290196173322
vt -0.25582967378747523 0.7742639798617477
vt -0.07869874398321647 0.781898975928986
vt -0.0725247891614052 0.6386640156845704
vt -0.25582967378747523 0.7742639798617477
vt -0.2620036286092875 0.9174989401061616
vt -0.08487269880502768 0.9251339361733988
vt -0.07869874398321647 0.781898975928986
vt -0.2620036286092875 0.9174989401061616
vt -0.26817758343109976 1.0607339003505756
vt -0.09104665362683911 1.0683688964178137
vt -0.08487269880502768 0.9251339361733988
vt -0.26817758343109976 1.0607339003505756
vt -0.2743515382529116 1.2039688605949892
vt -0.0972206084486516 1.2116038566622271
vt -0.09104665362683911 1.0683688964178137
vt -0.2743515382529116 1.2039688605949892
vt -0.2805254930747234 1.3472038208394028
vt -0.10339456327046281 1.35483881690664
vt -0.0972206084486516 1.2116038566622271
vt -0.2805254930747234 1.3472038208394028
vt -0.2866994478965348 1.4904387810838164
vt -0.10956851809227458 1.4980737771510546
vt -0.10339456327046281 1.35483881690664
vt -0.06635083433959149 0.4954290554401575
vt -0.0725247891614052 0.6386640156845704
vt 0.10460614064285653 0.6462990117518088
vt 0.11078009546466866 0.5030640515073943
vt -0.0725247891614052 0.6386640156845704
vt -0.07869874398321647 0.781898975928986
vt 0.09843218582104521 0.7895339719962227
vt 0.10460614064285653 0.6462990117518088
vt -0.07869874398321647 0.781898975928986
vt -0.08487269880502768 0.9251339361733988
vt 0.09225823099923289 0.932768932240637
vt 0.09843218582104521 0.7895339719962227
vt -0.08487269880502768 0.9251339361733988
vt -0.09104665362683911 1.0683688964178137
vt 0.08608427617742079 1.0760038924850508
vt 0.09225823099923289 0.932768932240637
vt -0.09104665362683911 1.0683688964178137
vt -0.0972206084486516 1.2116038566622271
vt 0.07991032135560916 1.219238852729465
vt 0.08608427617742079 1.0760038924850508
vt -0.0972206084486516 1.2116038566622271
vt -0.10339456327046281 1.35483881690664
vt 0.07373636653379764 1.362473812973878
vt 0.07991032135560916 1.219238852729465
vt -0.10339456327046281 1.35483881690664
vt -0.10956851809227458 1.4980737771510546
vt 0.06756241171198599 1.5057087732182919
vt 0.07373636653379764 1.362473812973878
vt 0.11078009546466866 0.5030640515073943
vt 0.10460614064285653 0.6462990117518088
vt 0.2817370704471176 0.6539340078190471
vt 0.2879110252689296 0.5106990475746331
vt 0.10460614064285653 0.6462990117518088
vt 0.09843218582104521 0.7895339719962227
vt 0.2755631156253055 0.7971689680634607
vt 0.2817370704471176 0.6539340078190471
vt 0.09843218582104521 0.7895339719962227
vt 0.09225823099923289 0.932768932240637
vt 0.269389160803493 0.9404039283078751
vt 0.2755631156253055 0.7971689680634607
vt 0.09225823099923289 0.932768932240637
vt 0.08608427617742079 1.0760038924850508
vt 0.26321520598168235 1.0836388885522878
vt 0.269389160803493 0.9404039283078751
vt 0.08608427617742079 1.0760038924850508
vt 0.07991032135560916 1.219238852729465
vt 0.25704125115987025 1.2268738487967021
vt 0.26321520598168235 1.0836388885522878
vt 0.07991032135560916 1.219238852729465
vt 0.07373636653379764 1.362473812973878
vt 0.2508672963380589 1.3701088090411149
vt 0.25704125115987025 1.2268738487967021
vt 0.07373636653379764 1.362473812973878
vt 0.06756241171198599 1.5057087732182919
vt 0.24469334151624683 1.513343769285529
vt 0.2508672963380589 1.3701088090411149
vt 0.2879110252689296 0.5106990475746331
vt 0.2817370704471176 0.6539340078190471
vt 0.4588680002513781 0.6615690038862845
vt 0.46504195507318946 0.5183340436418695
vt 0.2817370704471176 0.6539340078190471
vt 0.2755631156253055 0.7971689680634607
vt 0.4526940454295654 0.8048039641306977
vt 0.4588680002513781 0.6615690038862845
vt 0.2755631156253055 0.7971689680634607
vt 0.269389160803493 0.9404039283078751
vt 0.4465200906077553 0.9480389243751115
vt 0.4526940454295654 0.8048039641306977
vt 0.269389160803493 0.9404039283078751
vt 0.26321520598168235 1.0836388885522878
vt 0.4403461357859425 1.0912738846195258
vt 0.4465200906077553 0.9480389243751115
vt 0.26321520598168235 1.0836388885522878
vt 0.25704125115987025 1.2268738487967021
vt 0.4341721809641301 1.2345088448639396
vt 0.4403461357859425 1.0912738846195258
vt 0.25704125115987025 1.2268738487967021
vt 0.2508672963380589 1.3701088090411149
vt 0.427998226142318 1.377743805108354
vt 0.4341721809641301 1.2345088448639396
vt 0.2508672963380589 1.3701088090411149
vt 0.24469334151624683 1.513343769285529
vt 0.4218242713205075 1.5209787653527669
vt 0.427998226142318 1.377743805108354
vt 0.4588680002513781 0.6615690038862845
vt 0.4526940454295654 0.8048039641306977
vt 0.629824975233827 0.8124389601979348
vt 0.6359989300556377 0.6692039999535215
vt 0.4526940454295654 0.8048039641306977
vt 0.4465200906077553 0.9480389243751115
vt 0.6236510204120153 0.9556739204423494
vt 0.629824975233827 0.8124389601979348
vt 0.4465200906077553 0.9480389243751115
vt 0.4403461357859425 1.0912738846195258
vt 0.6174770655902024 1.0989088806867635
vt 0.6236510204120153 0.9556739204423494
vt 0.4403461357859425 1.0912738846195258
vt 0.4341721809641301 1.2345088448639396
vt 0.6113031107683913 1.2421438409311767
vt 0.6174770655902024 1.0989088806867635
vt 0.4341721809641301 1.2345088448639396
vt 0.427998226142318 1.377743805108354
vt 0.6051291559465786 1.3853788011755908
vt 0.6113031107683913 1.2421438409311767
vt 0.6146619940331264 0.5247832188948967
vt 0.46504195507318946 0.5183340436418695
vt 0.4588680002513781 0.6615690038862845
vt 0.6359989300556377 0.6692039999535215
vt 0.6409613075050551 0.5540774794007588
vt 0.599944626747877 1.5056592138275682
vt 0.6051291559465786 1.3853788011755908
vt 0.427998226142318 1.377743805108354
vt 0.4218242713205075 1.5209787653527669
vt 0.5597704327122656 1.5269247534468877
vt -0.5984885362467045 0.48980594159457336
vt -0.603917578574185 0.6157590274828602
vt -0.42678664876992545 0.6233940235500952
vt -0.42061269394811296 0.4801590633056825
vt -0.5849563343240132 0.4730752465531124
# 199 uvs
vn -0.029713077629651703 0.9986683043013219 -0.030182705238220316
vn 0.017447524473752675 0.9990214701368807 0.011636342632096069
vn -0.011568060816100062 0.9989792880729238 -0.0038603411379496376
vn -0.013225331751838217 0.9988637020236406 -0.015611012954415391
vn 0.035465235014120765 0.9986429715360365 -0.006716616841728055
vn -0.0018245430016831238 0.9988093719734858 -0.0001964982025690152
vn -0.020122236969105547 0.9982192922983544 0.002140823622021719
vn -0.017381236631551604 0.9987246386350248 0.017351640460064578
vn -0.030875637459861924 0.9986684848705246 0.01816666297101089
vn -0.016712666650806278 0.9984683937156837 0.000581718785504861
vn 0.0355291403605229 0.9985488572873128 0.0003276887941497902
vn 0.011069354457744096 0.9985400277762105 -0.01691982631733152
vn 0.07519850092705645 0.9971348048217958 0.008207708043201077
vn 0.02687216131140903 0.9984464412788339 0.006527912352400763
vn -0.0008930355174310671 0.9982414677361361 -0.017066618400125175
vn 0.0038208168496919603 0.9993136572515375 0.0035442927887879075
vn 0.007954980963970286 0.9993485256608252 0.01322417516116786
vn -0.005055413834787933 0.9990475175356452 -0.015521472834310534
vn -0.009575428106286445 0.9988926580664848 0.006434982467808946
vn -0.006717504032757355 0.9992837044885368 0.028457242649547652
vn -0.0002817612024682693 0.9986314152193935 -0.024125836784366136
vn 0.0011331124474561684 0.9987130668762736 -0.029855452160031198
vn -0.0012518849580824415 0.9997616423869049 0.007677933527118269
vn -0.00034215478872536833 0.9995665282942772 -0.003797303206095909
vn -0.01076766195703716 0.9994786408323728 -0.018070127871731168
vn 0.010758292829162467 0.9993862193725136 -0.012923641587833738
vn 0.010592714421366237 0.9987002085303718 0.010463139386202849
vn 0.006931853155728142 0.999085403273039 0.025910468355650446
vn 0.007753290201785655 0.9986673177049467 -0.037711737055563306
vn 0.007464757451254688 0.9982039324667864 -0.01749775789412341
vn 0.0035344452464003903 0.9989616419978593 0.03499981162656817
vn 0.015797768825589396 0.9993865570590152 -0.007654581254340672
vn 0.02223517230236778 0.9991057967872156 -0.026477759820278536
vn 0.00024572801517686255 0.9996481878787515 -0.004102494989585719
vn -0.009649742399936646 0.9989139991665231 0.01781874230421892
vn -0.0020548023777992655 0.9988755265384919 0.015662362775508004
vn -0.003976679026453335 0.9988028600661264 -0.03114239332584905
vn -0.02440814450006952 0.9979175208429757 0.006504110188647829
vn -0.034541960221414904 0.9977814347243245 0.0516066606808033
vn 0.022264347458163265 0.998719861492901 0.0011098732452478211
vn 0.020774370301012555 0.9986966298610223 -0.03502865017000176
vn 0.009610982706403988 0.9993097454344323 0.022647237395614018
vn -0.0016517990731831095 0.9994370717018602 0.0174031850914174
vn -0.0007055030889370347 0.9993213820212986 0.004361165034635799
vn -0.007719429404609179 0.9995870960709803 -0.012102792355908642
vn -0.0005382831876775303 0.998293680102491 0.005877829293279922
vn 0.011722525199849454 0.9970581864459831 0.01792328131554457
vn 0.0011302723083585252 0.9984027132902602 0.008913821079886555
vn 0.004616199437770977 0.9989219777338367 -0.044133589210885574
vn -0.003197601757668488 0.9988501551885904 0.03973942166398897
vn -0.004214838783717381 0.9995361395537767 0.01453494537676244
vn -0.006684334403878575 0.999581378038571 0.008482207866925415
vn -0.004996366254616256 0.9996473787326778 -0.011429552522891632
vn 0.007237738368263313 0.9985491157941869 -0.018742106011015107
vn 0.015489669311153698 0.9977108126231037 -0.009212970038601727
vn -0.016169480119739222 0.9987626855831162 0.040140740972620235
vn -0.005609083497571301 0.9985739758813099 0.016021245820974226
vn -0.025647528258760183 0.99943526069817 0.015521070905750093
vn -0.02872574546845495 0.9994376625708283 0.01209790250528222
vn -0.016027638719678043 0.9993861779236983 -0.016763281043268557
vn -0.0325371044508197 0.998832983623209 -0.026779697334297144
vn 0.010628044801060096 0.9994342102971583 -0.03191087512748534
vn 0.010628044801060096 0.9994342102971583 -0.03191087512748534
vn -0.049668114324948595 0.9987100448451095 -0.010551054207186248
vn -0.049668114324948595 0.9987100448451095 -0.010551054207186248
vn -0.04075731495406933 0.997515086792466 -0.057467320271209044
vn -0.04075731495406933 0.997515086792466 -0.057467320271209044
# 67 normals
usemtl #ffe99898
f 540/1596/540 539/1595/539 538/1594/538 537/1593/537 
f 539/1600/539 542/1599/542 541/1598/541 538/1597/538 
f 542/1604/542 544/1603/544 543/1602/543 541/1601/541 
f 544/1608/544 546/1607/546 545/1606/545 543/1605/543 
f 546/1612/546 548/1611/548 547/1610/547 545/1609/545 
f 548/1616/548 550/1615/550 549/1614/549 547/1613/547 
f 553/1620/553 552/1619/552 540/1618/540 551/1617/551 
f 558/1644/558 559/1643/559 550/1642/550 548/1641/548 
f 561/1648/561 560/1647/560 552/1646/552 553/1645/553 
f 562/1656/562 563/1655/563 555/1654/555 554/1653/554 
f 563/1660/563 564/1659/564 556/1658/556 555/1657/555 
f 564/1664/564 565/1663/565 557/1662/557 556/1661/556 
f 566/1672/566 567/1671/567 559/1670/559 558/1669/558 
f 569/1676/569 568/1675/568 560/1674/560 561/1673/561 
f 570/1684/570 571/1683/571 563/1682/563 562/1681/562 
f 572/1692/572 573/1691/573 565/1690/565 564/1689/564 
f 574/1700/574 575/1699/575 567/1698/567 566/1697/566 
f 577/1704/577 576/1703/576 568/1702/568 569/1701/569 
f 578/1712/578 579/1711/579 571/1710/571 570/1709/570 
f 579/1716/579 580/1715/580 572/1714/572 571/1713/571 
f 580/1720/580 581/1719/581 573/1718/573 572/1717/572 
f 582/1728/582 583/1727/583 575/1726/575 574/1725/574 
f 585/1732/585 584/1731/584 576/1730/576 577/1729/577 
f 590/1756/590 591/1755/591 583/1754/583 582/1753/582 
f 593/1760/593 592/1759/592 586/1758/586 584/1757/584 
f 592/1764/592 594/1763/594 587/1762/587 586/1761/586 
f 594/1768/594 595/1767/595 588/1766/588 587/1765/587 
f 595/1772/595 596/1771/596 589/1770/589 588/1769/588 
f 596/1776/596 597/1775/597 590/1774/590 589/1773/589 
f 599/1781/599 593/1780/593 584/1779/584 585/1778/585 598/1777/598 
f 601/1786/601 591/1785/591 590/1784/590 597/1783/597 600/1782/600 
f 603/1791/603 551/1790/551 540/1789/540 537/1788/537 602/1787/602 
usemtl #ffddc7c7
f 552/1624/552 554/1623/554 539/1622/539 540/1621/540 
f 554/1628/554 555/1627/555 542/1626/542 539/1625/539 
f 555/1632/555 556/1631/556 544/1630/544 542/1629/542 
f 556/1636/556 557/1635/557 546/1634/546 544/1633/544 
f 557/1640/557 558/1639/558 548/1638/548 546/1637/546 
f 560/1652/560 562/1651/562 554/1650/554 552/1649/552 
f 565/1668/565 566/1667/566 558/1666/558 557/1665/557 
f 568/1680/568 570/1679/570 562/1678/562 560/1677/560 
f 571/1688/571 572/1687/572 564/1686/564 563/1685/563 
f 573/1696/573 574/1695/574 566/1694/566 565/1693/565 
f 576/1708/576 578/1707/578 570/1706/570 568/1705/568 
f 581/1724/581 582/1723/582 574/1722/574 573/1721/573 
f 584/1736/584 586/1735/586 578/1734/578 576/1733/576 
f 586/1740/586 587/1739/587 579/1738/579 578/1737/578 
f 587/1744/587 588/1743/588 580/1742/580 579/1741/579 
f 588/1748/588 589/1747/589 581/1746/581 580/1745/580 
f 589/1752/589 590/1751/590 582/1750/582 581/1749/581 
# 49 polygons
g carpet
v -73.70994544945525 1.1578502118345124 -252.70026208743025
v -75.29047788383924 3.3969722730057823 -289.36841190999985
v -29.944959853948333 1.8630855138794855 -291.322970903213
v -28.36442741956479 4.373804676128734 -254.65482108064242
v -76.87101031822284 5.291206067269764 -326.03656173256974
v -31.525492288332103 2.0611598204949235 -327.99112072578254
v -78.45154275260667 1.500783278958239 -362.7047115551398
v -33.10602472271604 2.999399868035952 -364.65927054835254
v -80.03207518699033 1.816262478871094 -399.37286137770957
v -34.686557157099756 5.728214166769046 -401.3274203709225
v -81.61260762137415 5.271744544657924 -436.0410112002797
v -36.26708959148358 1.7057635980783523 -437.99557019349237
v -83.19314005575798 5.5304096234278575 -472.7091610228495
v -37.84762202586758 2.289141412466276 -474.6637200160623
v -26.783894985180794 5.075061000938425 -217.98667125807276
v 16.981090610326063 4.269879514423041 -256.60938007385505
v 18.561623044709833 1.7323018607133234 -219.9412302512855
v 15.400558175942464 4.812686215138818 -293.27752989642545
v 13.820025741558524 3.4836888864038924 -329.94567971899545
v 12.239493307174584 4.356543418549007 -366.6138295415654
v 10.658960872790757 4.503703981323276 -403.2819793641353
v 9.078428438406931 3.12780862042652 -439.95012918670517
v 7.497896004023218 2.832225316822168 -476.61827900927506
v 62.32660864021639 2.8621659208529557 -258.5639390670681
v 63.9071410746007 5.244210858057772 -221.89578924449836
v 60.74607620583271 3.3843270362856206 -295.2320888896385
v 59.16554377144904 2.124811549747503 -331.90023871220814
v 57.58501133706531 4.9287671967155475 -368.56838853477836
v 56.00447890268131 4.68892941667975 -405.2365383573482
v 54.42394646829764 1.5779012423530023 -441.9046881799179
v 52.84341403391383 2.704182589606635 -478.572838002488
v 107.67212667010739 3.660088511637566 -260.5184980602811
v 109.2526591044913 4.154221535507799 -223.850348237711
v 106.0915942357237 3.673863821341925 -297.18664788285105
v 104.51106180133974 2.261992580536786 -333.8547977054211
v 102.93052936695585 4.254786911379628 -370.52294752799105
v 101.34999693257207 3.817004628620956 -407.1910973505611
v 99.76946449818831 1.1937767144162326 -443.8592471731308
v 98.18893206380454 4.400832606615494 -480.52739699570077
v 153.01764469999824 1.743140629683472 -262.47305705349413
v 154.5981771343821 2.118922294654789 -225.80490723092413
v 151.43711226561433 2.8914451351115202 -299.14120687606396
v 149.85657983123033 4.0752457622203355 -335.8093566986341
v 148.27604739684682 5.303358237106324 -372.47750652120374
v 146.6955149624629 2.98250380875682 -409.1456563437738
v 145.1149825280792 5.570422289433154 -445.81380616634345
v 143.5344500936953 5.396787497546279 -482.48195598891346
v 198.36316272988893 4.440892098500626e-16 -264.4276160467069
v 199.94369516427264 3.7681827670664845 -227.75946622413664
v 196.78263029550487 3.3124560273051786 -301.09576586927665
v 195.2020978611215 3.508440712684621 -337.7639156918466
v 193.6215654267374 2.9972754361417975 -374.43206551441665
v 192.04103299235345 5.412449335170012 -411.1002153369866
v 190.4605005579695 1.8741025504269588 -447.76836515955665
v 188.87996812358602 1.724089894134389 -484.43651498212637
v 242.12814832539584 3.434002424452517 -303.05032486248933
v 243.70868075977938 2.1148233604071534 -266.38217503991956
v 240.54761589101201 4.402512383970251 -339.7184746850595
v 238.96708345662796 5.86466616741798 -376.3866245076295
v 237.3865510222443 4.092339666698846 -413.0547743301993
v 235.80601858786025 4.4245668060921455 -449.7229241527693
v 238.2464251380165 1.083011561681242 -229.4104550889116
v 244.97904938683024 0.783213375164701 -236.9097857784123
v 234.47877911299264 3.7581619921039113 -480.5147097916755
v 224.1941854398761 3.209142350975763 -485.9586879342213
v -72.32011061362023 4.381363450850606 -220.45627210002883
v -68.85586692141125 4.841806984810419 -216.17321416941482
# 67 vertices
vt -0.603917578574185 0.6157590274828602
vt -0.6100915333959975 0.7589939877272727
vt -0.43296060359173616 0.7666289837945114
vt -0.42678664876992545 0.6233940235500952
vt -0.6100915333959975 0.7589939877272727
vt -0.6162654882178085 0.9022289479716863
vt -0.43913455841354776 0.9098639440389238
vt -0.43296060359173616 0.7666289837945114
vt -0.6162654882178085 0.9022289479716863
vt -0.6224394430396203 1.0454639082161006
vt -0.44530851323536 1.0530989042833379
vt -0.43913455841354776 0.9098639440389238
vt -0.6224394430396203 1.0454639082161006
vt -0.6286133978614314 1.1886988684605138
vt -0.4514824680571714 1.1963338645277517
vt -0.44530851323536 1.0530989042833379
vt -0.6286133978614314 1.1886988684605138
vt -0.6347873526832433 1.3319338287049283
vt -0.4576564228789832 1.3395688247721653
vt -0.4514824680571714 1.1963338645277517
vt -0.6347873526832433 1.3319338287049283
vt -0.6409613075050551 1.4751687889493417
vt -0.4638303777007957 1.4828037850165792
vt -0.4576564228789832 1.3395688247721653
vt -0.42061269394811296 0.4801590633056825
vt -0.42678664876992545 0.6233940235500952
vt -0.2496557189656643 0.6310290196173322
vt -0.2434817641438527 0.48779405937291975
vt -0.42678664876992545 0.6233940235500952
vt -0.43296060359173616 0.7666289837945114
vt -0.25582967378747523 0.7742639798617477
vt -0.2496557189656643 0.6310290196173322
vt -0.43296060359173616 0.7666289837945114
vt -0.43913455841354776 0.9098639440389238
vt -0.2620036286092875 0.9174989401061616
vt -0.25582967378747523 0.7742639798617477
vt -0.43913455841354776 0.9098639440389238
vt -0.44530851323536 1.0530989042833379
vt -0.26817758343109976 1.0607339003505756
vt -0.2620036286092875 0.9174989401061616
vt -0.44530851323536 1.0530989042833379
vt -0.4514824680571714 1.1963338645277517
vt -0.2743515382529116 1.2039688605949892
vt -0.26817758343109976 1.0607339003505756
vt -0.4514824680571714 1.1963338645277517
vt -0.4576564228789832 1.3395688247721653
vt -0.2805254930747234 1.3472038208394028
vt -0.2743515382529116 1.2039688605949892
vt -0.4576564228789832 1.3395688247721653
vt -0.4638303777007957 1.4828037850165792
vt -0.2866994478965348 1.4904387810838164
vt -0.2805254930747234 1.3472038208394028
vt -0.2434817641438527 0.48779405937291975
vt -0.2496557189656643 0.6310290196173322
vt -0.0725247891614052 0.6386640156845704
vt -0.06635083433959149 0.4954290554401575
vt -0.2496557189656643 0.6310290196173322
vt -0.25582967378747523 0.7742639798617477
vt -0.07869874398321647 0.781898975928986
vt -0.0725247891614052 0.6386640156845704
vt -0.25582967378747523 0.7742639798617477
vt -0.2620036286092875 0.9174989401061616
vt -0.08487269880502768 0.9251339361733988
vt -0.07869874398321647 0.781898975928986
vt -0.2620036286092875 0.9174989401061616
vt -0.26817758343109976 1.0607339003505756
vt -0.09104665362683911 1.0683688964178137
vt -0.08487269880502768 0.9251339361733988
vt -0.26817758343109976 1.0607339003505756
vt -0.2743515382529116 1.2039688605949892
vt -0.0972206084486516 1.2116038566622271
vt -0.09104665362683911 1.0683688964178137
vt -0.2743515382529116 1.2039688605949892
vt -0.2805254930747234 1.3472038208394028
vt -0.10339456327046281 1.35483881690664
vt -0.0972206084486516 1.2116038566622271
vt -0.2805254930747234 1.3472038208394028
vt -0.2866994478965348 1.4904387810838164
vt -0.10956851809227458 1.4980737771510546
vt -0.10339456327046281 1.35483881690664
vt -0.06635083433959149 0.4954290554401575
vt -0.0725247891614052 0.6386640156845704
vt 0.10460614064285653 0.6462990117518088
vt 0.11078009546466866 0.5030640515073943
vt -0.0725247891614052 0.6386640156845704
vt -0.07869874398321647 0.781898975928986
vt 0.09843218582104521 0.7895339719962227
vt 0.10460614064285653 0.6462990117518088
vt -0.07869874398321647 0.781898975928986
vt -0.08487269880502768 0.9251339361733988
vt 0.09225823099923289 0.932768932240637
vt 0.09843218582104521 0.7895339719962227
vt -0.08487269880502768 0.9251339361733988
vt -0.09104665362683911 1.0683688964178137
vt 0.08608427617742079 1.0760038924850508
vt 0.09225823099923289 0.932768932240637
vt -0.09104665362683911 1.0683688964178137
vt -0.0972206084486516 1.2116038566622271
vt 0.07991032135560916 1.219238852729465
vt 0.08608427617742079 1.0760038924850508
vt -0.0972206084486516 1.2116038566622271
vt -0.10339456327046281 1.35483881690664
vt 0.07373636653379764 1.362473812973878
vt 0.07991032135560916 1.219238852729465
vt -0.10339456327046281 1.35483881690664
vt -0.10956851809227458 1.4980737771510546
vt 0.06756241171198599 1.5057087732182919
vt 0.07373636653379764 1.362473812973878
vt 0.11078009546466866 0.5030640515073943
vt 0.10460614064285653 0.6462990117518088
vt 0.2817370704471176 0.6539340078190471
vt 0.2879110252689296 0.5106990475746331
vt 0.10460614064285653 0.6462990117518088
vt 0.09843218582104521 0.7895339719962227
vt 0.2755631156253055 0.7971689680634607
vt 0.2817370704471176 0.6539340078190471
vt 0.09843218582104521 0.7895339719962227
vt 0.09225823099923289 0.932768932240637
vt 0.269389160803493 0.9404039283078751
vt 0.2755631156253055 0.7971689680634607
vt 0.09225823099923289 0.932768932240637
vt 0.08608427617742079 1.0760038924850508
vt 0.26321520598168235 1.0836388885522878
vt 0.269389160803493 0.9404039283078751
vt 0.08608427617742079 1.0760038924850508
vt 0.07991032135560916 1.219238852729465
vt 0.25704125115987025 1.2268738487967021
vt 0.26321520598168235 1.0836388885522878
vt 0.07991032135560916 1.219238852729465
vt 0.07373636653379764 1.362473812973878
vt 0.2508672963380589 1.3701088090411149
vt 0.25704125115987025 1.2268738487967021
vt 0.07373636653379764 1.362473812973878
vt 0.06756241171198599 1.5057087732182919
vt 0.24469334151624683 1.513343769285529
vt 0.2508672963380589 1.3701088090411149
vt 0.2879110252689296 0.5106990475746331
vt 0.2817370704471176 0.6539340078190471
vt 0.4588680002513781 0.6615690038862845
vt 0.46504195507318946 0.5183340436418695
vt 0.2817370704471176 0.6539340078190471
vt 0.2755631156253055 0.7971689680634607
vt 0.4526940454295654 0.8048039641306977
vt 0.4588680002513781 0.6615690038862845
vt 0.2755631156253055 0.7971689680634607
vt 0.269389160803493 0.9404039283078751
vt 0.4465200906077553 0.9480389243751115
vt 0.4526940454295654 0.8048039641306977
vt 0.269389160803493 0.9404039283078751
vt 0.26321520598168235 1.0836388885522878
vt 0.4403461357859425 1.0912738846195258
vt 0.4465200906077553 0.9480389243751115
vt 0.26321520598168235 1.0836388885522878
vt 0.25704125115987025 1.2268738487967021
vt 0.4341721809641301 1.2345088448639396
vt 0.4403461357859425 1.0912738846195258
vt 0.25704125115987025 1.2268738487967021
vt 0.2508672963380589 1.3701088090411149
vt 0.427998226142318 1.377743805108354
vt 0.4341721809641301 1.2345088448639396
vt 0.2508672963380589 1.3701088090411149
vt 0.24469334151624683 1.513343769285529
vt 0.4218242713205075 1.5209787653527669
vt 0.427998226142318 1.377743805108354
vt 0.4588680002513781 0.6615690038862845
vt 0.4526940454295654 0.8048039641306977
vt 0.629824975233827 0.8124389601979348
vt 0.6359989300556377 0.6692039999535215
vt 0.4526940454295654 0.8048039641306977
vt 0.4465200906077553 0.9480389243751115
vt 0.6236510204120153 0.9556739204423494
vt 0.629824975233827 0.8124389601979348
vt 0.4465200906077553 0.9480389243751115
vt 0.4403461357859425 1.0912738846195258
vt 0.6174770655902024 1.0989088806867635
vt 0.6236510204120153 0.9556739204423494
vt 0.4403461357859425 1.0912738846195258
vt 0.4341721809641301 1.2345088448639396
vt 0.6113031107683913 1.2421438409311767
vt 0.6174770655902024 1.0989088806867635
vt 0.4341721809641301 1.2345088448639396
vt 0.427998226142318 1.377743805108354
vt 0.6051291559465786 1.3853788011755908
vt 0.6113031107683913 1.2421438409311767
vt 0.6146619940331264 0.5247832188948967
vt 0.46504195507318946 0.5183340436418695
vt 0.4588680002513781 0.6615690038862845
vt 0.6359989300556377 0.6692039999535215
vt 0.6409613075050551 0.5540774794007588
vt 0.599944626747877 1.5056592138275682
vt 0.6051291559465786 1.3853788011755908
vt 0.427998226142318 1.377743805108354
vt 0.4218242713205075 1.5209787653527669
vt 0.5597704327122656 1.5269247534468877
vt -0.5984885362467045 0.48980594159457336
vt -0.603917578574185 0.6157590274828602
vt -0.42678664876992545 0.6233940235500952
vt -0.42061269394811296 0.4801590633056825
vt -0.5849563343240132 0.4730752465531124
# 199 uvs
vn -0.029713077629651835 0.998668304301322 -0.030182705238220336
vn 0.017447524473752633 0.9990214701368807 0.011636342632096048
vn -0.011568060816100064 0.9989792880729237 -0.0038603411379496424
vn -0.013225331751838286 0.9988637020236406 -0.015611012954415401
vn 0.03546523501412066 0.9986429715360364 -0.006716616841728107
vn -0.001824543001683195 0.9988093719734858 -0.00019649820256902734
vn -0.020122236969105655 0.9982192922983544 0.00214082362202166
vn -0.017381236631551625 0.9987246386350249 0.017351640460064564
vn -0.030875637459861827 0.9986684848705247 0.01816666297101087
vn -0.0167126666508062 0.998468393715684 0.0005817187855048506
vn 0.035529140360522904 0.9985488572873129 0.0003276887941498015
vn 0.011069354457744086 0.9985400277762106 -0.01691982631733152
vn 0.07519850092705645 0.997134804821796 0.008207708043201088
vn 0.026872161311409036 0.9984464412788339 0.006527912352400772
vn -0.0008930355174311295 0.9982414677361362 -0.017066618400125196
vn 0.0038208168496919803 0.9993136572515375 0.0035442927887879075
vn 0.007954980963970284 0.9993485256608252 0.01322417516116786
vn -0.005055413834787881 0.9990475175356452 -0.015521472834310513
vn -0.009575428106286421 0.9988926580664848 0.006434982467808983
vn -0.006717504032757321 0.9992837044885368 0.02845724264954768
vn -0.0002817612024682771 0.9986314152193934 -0.024125836784366143
vn 0.0011331124474561224 0.9987130668762736 -0.029855452160031215
vn -0.0012518849580824346 0.9997616423869049 0.007677933527118262
vn -0.0003421547887253605 0.9995665282942772 -0.0037973032060959104
vn -0.010767661957037112 0.9994786408323728 -0.01807012787173117
vn 0.010758292829162484 0.9993862193725136 -0.012923641587833715
vn 0.010592714421366257 0.9987002085303718 0.010463139386202901
vn 0.006931853155728144 0.999085403273039 0.02591046835565048
vn 0.007753290201785672 0.9986673177049468 -0.03771173705556331
vn 0.007464757451254624 0.9982039324667864 -0.017497757894123434
vn 0.00353444524640026 0.9989616419978593 0.03499981162656814
vn 0.015797768825589385 0.9993865570590151 -0.007654581254340672
vn 0.02223517230236776 0.9991057967872156 -0.026477759820278536
vn 0.00024572801517686125 0.9996481878787515 -0.004102494989585715
vn -0.009649742399936684 0.9989139991665231 0.017818742304218933
vn -0.0020548023777992525 0.9988755265384919 0.01566236277550801
vn -0.003976679026453259 0.9988028600661264 -0.031142393325849053
vn -0.024408144500069617 0.9979175208429757 0.0065041101886478105
vn -0.03454196022141515 0.9977814347243245 0.05160666068080326
vn 0.02226434745816329 0.9987198614929009 0.0011098732452478246
vn 0.020774370301012555 0.9986966298610224 -0.03502865017000173
vn 0.00961098270640402 0.9993097454344322 0.022647237395614014
vn -0.0016517990731831095 0.9994370717018602 0.01740318509141739
vn -0.0007055030889369762 0.9993213820212986 0.004361165034635781
vn -0.0077194294046091525 0.9995870960709803 -0.012102792355908651
vn -0.0005382831876776517 0.998293680102491 0.005877829293279912
vn 0.011722525199849291 0.9970581864459831 0.017923281315544555
vn 0.001130272308358534 0.9984027132902602 0.008913821079886553
vn 0.0046161994377709814 0.9989219777338368 -0.04413358921088556
vn -0.0031976017576684805 0.9988501551885904 0.039739421663988965
vn -0.004214838783717409 0.9995361395537767 0.014534945376762436
vn -0.006684334403878537 0.999581378038571 0.008482207866925415
vn -0.004996366254616249 0.9996473787326778 -0.011429552522891646
vn 0.007237738368263221 0.998549115794187 -0.018742106011015124
vn 0.015489669311153639 0.9977108126231038 -0.009212970038601716
vn -0.01616948011973925 0.9987626855831162 0.04014074097262023
vn -0.005609083497571315 0.99857397588131 0.016021245820974216
vn -0.025647528258760273 0.99943526069817 0.015521070905750074
vn -0.028725745468454966 0.9994376625708283 0.012097902505282213
vn -0.01602763871967803 0.9993861779236983 -0.01676328104326858
vn -0.03253710445081976 0.9988329836232092 -0.026779697334297164
vn 0.010628044801060103 0.9994342102971585 -0.03191087512748536
vn 0.010628044801060103 0.9994342102971585 -0.03191087512748536
vn -0.049668114324948616 0.9987100448451096 -0.01055105420718624
vn -0.049668114324948616 0.9987100448451096 -0.01055105420718624
vn -0.04075731495406932 0.9975150867924661 -0.05746732027120908
vn -0.04075731495406932 0.9975150867924661 -0.05746732027120908
# 67 normals
usemtl #ffe99898
f 607/1795/607 606/1794/606 605/1793/605 604/1792/604 
f 606/1799/606 609/1798/609 608/1797/608 605/1796/605 
f 609/1803/609 611/1802/611 610/1801/610 608/1800/608 
f 611/1807/611 613/1806/613 612/1805/612 610/1804/610 
f 613/1811/613 615/1810/615 614/1809/614 612/1808/612 
f 615/1815/615 617/1814/617 616/1813/616 614/1812/614 
f 620/1819/620 619/1818/619 607/1817/607 618/1816/618 
f 625/1843/625 626/1842/626 617/1841/617 615/1840/615 
f 628/1847/628 627/1846/627 619/1845/619 620/1844/620 
f 629/1855/629 630/1854/630 622/1853/622 621/1852/621 
f 630/1859/630 631/1858/631 623/1857/623 622/1856/622 
f 631/1863/631 632/1862/632 624/1861/624 623/1860/623 
f 633/1871/633 634/1870/634 626/1869/626 625/1868/625 
f 636/1875/636 635/1874/635 627/1873/627 628/1872/628 
f 637/1883/637 638/1882/638 630/1881/630 629/1880/629 
f 639/1891/639 640/1890/640 632/1889/632 631/1888/631 
f 641/1899/641 642/1898/642 634/1897/634 633/1896/633 
f 644/1903/644 643/1902/643 635/1901/635 636/1900/636 
f 645/1911/645 646/1910/646 638/1909/638 637/1908/637 
f 646/1915/646 647/1914/647 639/1913/639 638/1912/638 
f 647/1919/647 648/1918/648 640/1917/640 639/1916/639 
f 649/1927/649 650/1926/650 642/1925/642 641/1924/641 
f 652/1931/652 651/1930/651 643/1929/643 644/1928/644 
f 657/1955/657 658/1954/658 650/1953/650 649/1952/649 
f 660/1959/660 659/1958/659 653/1957/653 651/1956/651 
f 659/1963/659 661/1962/661 654/1961/654 653/1960/653 
f 661/1967/661 662/1966/662 655/1965/655 654/1964/654 
f 662/1971/662 663/1970/663 656/1969/656 655/1968/655 
f 663/1975/663 664/1974/664 657/1973/657 656/1972/656 
f 666/1980/666 660/1979/660 651/1978/651 652/1977/652 665/1976/665 
f 668/1985/668 658/1984/658 657/1983/657 664/1982/664 667/1981/667 
f 670/1990/670 618/1989/618 607/1988/607 604/1987/604 669/1986/669 
usemtl #ffddc7c7
f 619/1823/619 621/1822/621 606/1821/606 607/1820/607 
f 621/1827/621 622/1826/622 609/1825/609 606/1824/606 
f 622/1831/622 623/1830/623 611/1829/611 609/1828/609 
f 623/1835/623 624/1834/624 613/1833/613 611/1832/611 
f 624/1839/624 625/1838/625 615/1837/615 613/1836/613 
f 627/1851/627 629/1850/629 621/1849/621 619/1848/619 
f 632/1867/632 633/1866/633 625/1865/625 624/1864/624 
f 635/1879/635 637/1878/637 629/1877/629 627/1876/627 
f 638/1887/638 639/1886/639 631/1885/631 630/1884/630 
f 640/1895/640 641/1894/641 633/1893/633 632/1892/632 
f 643/1907/643 645/1906/645 637/1905/637 635/1904/635 
f 648/1923/648 649/1922/649 641/1921/641 640/1920/640 
f 651/1935/651 653/1934/653 645/1933/645 643/1932/643 
f 653/1939/653 654/1938/654 646/1937/646 645/1936/645 
f 654/1943/654 655/1942/655 647/1941/647 646/1940/646 
f 655/1947/655 656/1946/656 648/1945/648 647/1944/647 
f 656/1951/656 657/1950/657 649/1949/649 648/1948/648 
# 49 polygons
g carpet
v -89.77636556255874 1.1578502118345124 -56.380582763666325
v -91.35689799694273 3.3969722730057823 -93.04873258623594
v -46.01137996705182 1.8630855138794855 -95.00329157944904
v -44.43084753266828 4.373804676128734 -58.335141756878514
v -92.93743043132633 5.291206067269764 -129.71688240880582
v -47.59191240143559 2.0611598204949235 -131.67144140201862
v -94.51796286571016 1.500783278958239 -166.3850322313759
v -49.17244483581953 2.999399868035952 -168.33959122458864
v -96.09849530009382 1.816262478871094 -203.05318205394568
v -50.752977270203246 5.728214166769046 -205.00774104715853
v -97.67902773447764 5.271744544657924 -239.72133187651576
v -52.33350970458707 1.7057635980783523 -241.67589086972845
v -99.25956016886147 5.5304096234278575 -276.3894816990856
v -53.91404213897107 2.289141412466276 -278.3440406922984
v -42.850315098284284 5.075061000938425 -21.66699193430884
v 0.9146704972225734 4.269879514423041 -60.28970075009116
v 2.495202931606343 1.7323018607133234 -23.621550927521582
v -0.6658619371610257 4.812686215138818 -96.95785057266153
v -2.246394371544966 3.4836888864038924 -133.6260003952315
v -3.826926805928906 4.356543418549007 -170.29415021780147
v -5.407459240312733 4.503703981323276 -206.96230004037136
v -6.987991674696559 3.12780862042652 -243.63044986294125
v -8.568524109080272 2.832225316822168 -280.29859968551114
v 46.2601885271129 2.8621659208529557 -62.24425974330417
v 47.84072096149721 5.244210858057772 -25.57610992073444
v 44.67965609272922 3.3843270362856206 -98.91240956587457
v 43.09912365834555 2.124811549747503 -135.58055938844421
v 41.51859122396182 4.9287671967155475 -172.24870921101444
v 39.93805878957782 4.68892941667975 -208.9168590335843
v 38.35752635519415 1.5779012423530023 -245.585008856154
v 36.77699392081034 2.704182589606635 -282.2531586787241
v 91.60570655700391 3.660088511637566 -64.19881873651717
v 93.18623899138781 4.154221535507799 -27.530668913947068
v 90.0251741226202 3.673863821341925 -100.86696855908713
v 88.44464168823626 2.261992580536786 -137.53511838165718
v 86.86410925385235 4.254786911379628 -174.2032682042271
v 85.28357681946858 3.817004628620956 -210.8714180267972
v 83.70304438508484 1.1937767144162326 -247.5395678493669
v 82.12251195070104 4.400832606615494 -284.20771767193685
v 136.95122458689474 1.743140629683472 -66.15337772973018
v 138.53175702127862 2.118922294654789 -29.48522790716021
v 135.37069215251086 2.8914451351115202 -102.82152755230007
v 133.79015971812686 4.0752457622203355 -139.48967737487015
v 132.20962728374332 5.303358237106324 -176.15782719743981
v 130.62909484935943 2.98250380875682 -212.82597702000987
v 129.04856241497572 5.570422289433154 -249.49412684257953
v 127.46802998059182 5.396787497546279 -286.16227666514953
v 182.29674261678542 4.440892098500626e-16 -68.10793672294297
v 183.87727505116914 3.7681827670664845 -31.439786900372724
v 180.71621018240137 3.3124560273051786 -104.77608654551274
v 179.135677748018 3.508440712684621 -141.44423636808267
v 177.55514531363391 2.9972754361417975 -178.11238619065273
v 175.97461287924995 5.412449335170012 -214.78053601322267
v 174.39408044486603 1.8741025504269588 -251.4486858357927
v 172.81354801048255 1.724089894134389 -288.11683565836245
v 226.06172821229234 3.434002424452517 -106.73064553872544
v 227.64226064667588 2.1148233604071534 -70.06249571615564
v 224.48119577790854 4.402512383970251 -143.39879536129558
v 222.90066334352446 5.86466616741798 -180.06694518386556
v 221.3201309091408 4.092339666698846 -216.73509500643536
v 219.73959847475675 4.4245668060921455 -253.40324482900536
v 222.180005024913 1.083011561681242 -33.09077576514767
v 228.91262927372674 0.783213375164701 -40.59010645464838
v 218.41235899988914 3.7581619921039113 -284.1950304679116
v 208.12776532677262 3.209142350975763 -289.6390086104574
v -88.38653072672372 4.381363450850606 -24.136592776264905
v -84.92228703451474 4.841806984810419 -19.8535348456509
# 67 vertices
vt -0.603917578574185 0.6157590274828602
vt -0.6100915333959975 0.7589939877272727
vt -0.43296060359173616 0.7666289837945114
vt -0.42678664876992545 0.6233940235500952
vt -0.6100915333959975 0.7589939877272727
vt -0.6162654882178085 0.9022289479716863
vt -0.43913455841354776 0.9098639440389238
vt -0.43296060359173616 0.7666289837945114
vt -0.6162654882178085 0.9022289479716863
vt -0.6224394430396203 1.0454639082161006
vt -0.44530851323536 1.0530989042833379
vt -0.43913455841354776 0.9098639440389238
vt -0.6224394430396203 1.0454639082161006
vt -0.6286133978614314 1.1886988684605138
vt -0.4514824680571714 1.1963338645277517
vt -0.44530851323536 1.0530989042833379
vt -0.6286133978614314 1.1886988684605138
vt -0.6347873526832433 1.3319338287049283
vt -0.4576564228789832 1.3395688247721653
vt -0.4514824680571714 1.1963338645277517
vt -0.6347873526832433 1.3319338287049283
vt -0.6409613075050551 1.4751687889493417
vt -0.4638303777007957 1.4828037850165792
vt -0.4576564228789832 1.3395688247721653
vt -0.42061269394811296 0.4801590633056825
vt -0.42678664876992545 0.6233940235500952
vt -0.2496557189656643 0.6310290196173322
vt -0.2434817641438527 0.48779405937291975
vt -0.42678664876992545 0.6233940235500952
vt -0.43296060359173616 0.7666289837945114
vt -0.25582967378747523 0.7742639798617477
vt -0.2496557189656643 0.6310290196173322
vt -0.43296060359173616 0.7666289837945114
vt -0.43913455841354776 0.9098639440389238
vt -0.2620036286092875 0.9174989401061616
vt -0.25582967378747523 0.7742639798617477
vt -0.43913455841354776 0.9098639440389238
vt -0.44530851323536 1.0530989042833379
vt -0.26817758343109976 1.0607339003505756
vt -0.2620036286092875 0.9174989401061616
vt -0.44530851323536 1.0530989042833379
vt -0.4514824680571714 1.1963338645277517
vt -0.2743515382529116 1.2039688605949892
vt -0.26817758343109976 1.0607339003505756
vt -0.4514824680571714 1.1963338645277517
vt -0.4576564228789832 1.3395688247721653
vt -0.2805254930747234 1.3472038208394028
vt -0.2743515382529116 1.2039688605949892
vt -0.4576564228789832 1.3395688247721653
vt -0.4638303777007957 1.4828037850165792
vt -0.2866994478965348 1.4904387810838164
vt -0.2805254930747234 1.3472038208394028
vt -0.2434817641438527 0.48779405937291975
vt -0.2496557189656643 0.6310290196173322
vt -0.0725247891614052 0.6386640156845704
vt -0.06635083433959149 0.4954290554401575
vt -0.2496557189656643 0.6310290196173322
vt -0.25582967378747523 0.7742639798617477
vt -0.07869874398321647 0.781898975928986
vt -0.0725247891614052 0.6386640156845704
vt -0.25582967378747523 0.7742639798617477
vt -0.2620036286092875 0.9174989401061616
vt -0.08487269880502768 0.9251339361733988
vt -0.07869874398321647 0.781898975928986
vt -0.2620036286092875 0.9174989401061616
vt -0.26817758343109976 1.0607339003505756
vt -0.09104665362683911 1.0683688964178137
vt -0.08487269880502768 0.9251339361733988
vt -0.26817758343109976 1.0607339003505756
vt -0.2743515382529116 1.2039688605949892
vt -0.0972206084486516 1.2116038566622271
vt -0.09104665362683911 1.0683688964178137
vt -0.2743515382529116 1.2039688605949892
vt -0.2805254930747234 1.3472038208394028
vt -0.10339456327046281 1.35483881690664
vt -0.0972206084486516 1.2116038566622271
vt -0.2805254930747234 1.3472038208394028
vt -0.2866994478965348 1.4904387810838164
vt -0.10956851809227458 1.4980737771510546
vt -0.10339456327046281 1.35483881690664
vt -0.06635083433959149 0.4954290554401575
vt -0.0725247891614052 0.6386640156845704
vt 0.10460614064285653 0.6462990117518088
vt 0.11078009546466866 0.5030640515073943
vt -0.0725247891614052 0.6386640156845704
vt -0.07869874398321647 0.781898975928986
vt 0.09843218582104521 0.7895339719962227
vt 0.10460614064285653 0.6462990117518088
vt -0.07869874398321647 0.781898975928986
vt -0.08487269880502768 0.9251339361733988
vt 0.09225823099923289 0.932768932240637
vt 0.09843218582104521 0.7895339719962227
vt -0.08487269880502768 0.9251339361733988
vt -0.09104665362683911 1.0683688964178137
vt 0.08608427617742079 1.0760038924850508
vt 0.09225823099923289 0.932768932240637
vt -0.09104665362683911 1.0683688964178137
vt -0.0972206084486516 1.2116038566622271
vt 0.07991032135560916 1.219238852729465
vt 0.08608427617742079 1.0760038924850508
vt -0.0972206084486516 1.2116038566622271
vt -0.10339456327046281 1.35483881690664
vt 0.07373636653379764 1.362473812973878
vt 0.07991032135560916 1.219238852729465
vt -0.10339456327046281 1.35483881690664
vt -0.10956851809227458 1.4980737771510546
vt 0.06756241171198599 1.5057087732182919
vt 0.07373636653379764 1.362473812973878
vt 0.11078009546466866 0.5030640515073943
vt 0.10460614064285653 0.6462990117518088
vt 0.2817370704471176 0.6539340078190471
vt 0.2879110252689296 0.5106990475746331
vt 0.10460614064285653 0.6462990117518088
vt 0.09843218582104521 0.7895339719962227
vt 0.2755631156253055 0.7971689680634607
vt 0.2817370704471176 0.6539340078190471
vt 0.09843218582104521 0.7895339719962227
vt 0.09225823099923289 0.932768932240637
vt 0.269389160803493 0.9404039283078751
vt 0.2755631156253055 0.7971689680634607
vt 0.09225823099923289 0.932768932240637
vt 0.08608427617742079 1.0760038924850508
vt 0.26321520598168235 1.0836388885522878
vt 0.269389160803493 0.9404039283078751
vt 0.08608427617742079 1.0760038924850508
vt 0.07991032135560916 1.219238852729465
vt 0.25704125115987025 1.2268738487967021
vt 0.26321520598168235 1.0836388885522878
vt 0.07991032135560916 1.219238852729465
vt 0.07373636653379764 1.362473812973878
vt 0.2508672963380589 1.3701088090411149
vt 0.25704125115987025 1.2268738487967021
vt 0.07373636653379764 1.362473812973878
vt 0.06756241171198599 1.5057087732182919
vt 0.24469334151624683 1.513343769285529
vt 0.2508672963380589 1.3701088090411149
vt 0.2879110252689296 0.5106990475746331
vt 0.2817370704471176 0.6539340078190471
vt 0.4588680002513781 0.6615690038862845
vt 0.46504195507318946 0.5183340436418695
vt 0.2817370704471176 0.6539340078190471
vt 0.2755631156253055 0.7971689680634607
vt 0.4526940454295654 0.8048039641306977
vt 0.4588680002513781 0.6615690038862845
vt 0.2755631156253055 0.7971689680634607
vt 0.269389160803493 0.9404039283078751
vt 0.4465200906077553 0.9480389243751115
vt 0.4526940454295654 0.8048039641306977
vt 0.269389160803493 0.9404039283078751
vt 0.26321520598168235 1.0836388885522878
vt 0.4403461357859425 1.0912738846195258
vt 0.4465200906077553 0.9480389243751115
vt 0.26321520598168235 1.0836388885522878
vt 0.25704125115987025 1.2268738487967021
vt 0.4341721809641301 1.2345088448639396
vt 0.4403461357859425 1.0912738846195258
vt 0.25704125115987025 1.2268738487967021
vt 0.2508672963380589 1.3701088090411149
vt 0.427998226142318 1.377743805108354
vt 0.4341721809641301 1.2345088448639396
vt 0.2508672963380589 1.3701088090411149
vt 0.24469334151624683 1.513343769285529
vt 0.4218242713205075 1.5209787653527669
vt 0.427998226142318 1.377743805108354
vt 0.4588680002513781 0.6615690038862845
vt 0.4526940454295654 0.8048039641306977
vt 0.629824975233827 0.8124389601979348
vt 0.6359989300556377 0.6692039999535215
vt 0.4526940454295654 0.8048039641306977
vt 0.4465200906077553 0.9480389243751115
vt 0.6236510204120153 0.9556739204423494
vt 0.629824975233827 0.8124389601979348
vt 0.4465200906077553 0.9480389243751115
vt 0.4403461357859425 1.0912738846195258
vt 0.6174770655902024 1.0989088806867635
vt 0.6236510204120153 0.9556739204423494
vt 0.4403461357859425 1.0912738846195258
vt 0.4341721809641301 1.2345088448639396
vt 0.6113031107683913 1.2421438409311767
vt 0.6174770655902024 1.0989088806867635
vt 0.4341721809641301 1.2345088448639396
vt 0.427998226142318 1.377743805108354
vt 0.6051291559465786 1.3853788011755908
vt 0.6113031107683913 1.2421438409311767
vt 0.6146619940331264 0.5247832188948967
vt 0.46504195507318946 0.5183340436418695
vt 0.4588680002513781 0.6615690038862845
vt 0.6359989300556377 0.6692039999535215
vt 0.6409613075050551 0.5540774794007588
vt 0.599944626747877 1.5056592138275682
vt 0.6051291559465786 1.3853788011755908
vt 0.427998226142318 1.377743805108354
vt 0.4218242713205075 1.5209787653527669
vt 0.5597704327122656 1.5269247534468877
vt -0.5984885362467045 0.48980594159457336
vt -0.603917578574185 0.6157590274828602
vt -0.42678664876992545 0.6233940235500952
vt -0.42061269394811296 0.4801590633056825
vt -0.5849563343240132 0.4730752465531124
# 199 uvs
vn -0.029713077629651842 0.998668304301322 -0.03018270523822033
vn 0.017447524473752647 0.9990214701368808 0.011636342632096043
vn -0.011568060816100073 0.9989792880729238 -0.0038603411379496528
vn -0.013225331751838315 0.9988637020236406 -0.015611012954415414
vn 0.03546523501412063 0.9986429715360365 -0.006716616841728093
vn -0.0018245430016832166 0.9988093719734858 -0.00019649820256902647
vn -0.02012223696910565 0.9982192922983544 0.0021408236220217015
vn -0.01738123663155164 0.9987246386350249 0.01735164046006459
vn -0.03087563745986189 0.9986684848705247 0.018166662971010893
vn -0.016712666650806268 0.998468393715684 0.0005817187855048749
vn 0.03552914036052277 0.9985488572873129 0.0003276887941498015
vn 0.011069354457744013 0.9985400277762106 -0.016919826317331514
vn 0.07519850092705632 0.997134804821796 0.008207708043201088
vn 0.026872161311408987 0.9984464412788339 0.006527912352400772
vn -0.0008930355174312024 0.9982414677361362 -0.017066618400125196
vn 0.003820816849691955 0.9993136572515375 0.003544292788787896
vn 0.007954980963970265 0.9993485256608251 0.013224175161167851
vn -0.005055413834787909 0.9990475175356454 -0.015521472834310525
vn -0.009575428106286425 0.9988926580664848 0.0064349824678089675
vn -0.006717504032757327 0.9992837044885369 0.028457242649547673
vn -0.00028176120246834564 0.9986314152193936 -0.02412583678436614
vn 0.0011331124474560968 0.9987130668762736 -0.029855452160031215
vn -0.0012518849580823877 0.9997616423869049 0.007677933527118262
vn -0.00034215478872534925 0.9995665282942772 -0.0037973032060959113
vn -0.01076766195703708 0.9994786408323728 -0.01807012787173117
vn 0.010758292829162477 0.9993862193725136 -0.012923641587833726
vn 0.010592714421366263 0.9987002085303718 0.010463139386202887
vn 0.006931853155728144 0.999085403273039 0.025910468355650477
vn 0.00775329020178565 0.9986673177049468 -0.03771173705556334
vn 0.007464757451254627 0.9982039324667864 -0.01749775789412345
vn 0.003534445246400295 0.9989616419978593 0.03499981162656814
vn 0.015797768825589392 0.9993865570590151 -0.007654581254340681
vn 0.022235172302367764 0.9991057967872157 -0.026477759820278533
vn 0.00024572801517686125 0.9996481878787515 -0.004102494989585726
vn -0.0096497423999367 0.9989139991665231 0.01781874230421894
vn -0.0020548023777992776 0.9988755265384919 0.015662362775508025
vn -0.003976679026453223 0.9988028600661264 -0.031142393325849057
vn -0.02440814450006956 0.9979175208429757 0.0065041101886477975
vn -0.034541960221415126 0.9977814347243245 0.05160666068080326
vn 0.022264347458163292 0.998719861492901 0.0011098732452477986
vn 0.02077437030101255 0.9986966298610224 -0.03502865017000175
vn 0.009610982706404021 0.9993097454344322 0.022647237395614
vn -0.0016517990731831182 0.9994370717018602 0.0174031850914174
vn -0.000705503088937 0.9993213820212986 0.004361165034635792
vn -0.007719429404609211 0.9995870960709803 -0.01210279235590865
vn -0.0005382831876776066 0.998293680102491 0.005877829293279907
vn 0.011722525199849447 0.9970581864459831 0.017923281315544548
vn 0.001130272308358534 0.9984027132902602 0.008913821079886532
vn 0.004616199437770987 0.9989219777338367 -0.04413358921088556
vn -0.003197601757668486 0.9988501551885904 0.03973942166398896
vn -0.0042148387837173795 0.9995361395537767 0.014534945376762446
vn -0.006684334403878565 0.999581378038571 0.008482207866925415
vn -0.004996366254616357 0.9996473787326778 -0.011429552522891646
vn 0.0072377383682632294 0.998549115794187 -0.01874210601101512
vn 0.015489669311153746 0.9977108126231038 -0.00921297003860172
vn -0.016169480119739274 0.9987626855831162 0.040140740972620215
vn -0.005609083497571333 0.9985739758813099 0.016021245820974216
vn -0.025647528258760228 0.99943526069817 0.015521070905750093
vn -0.028725745468455 0.9994376625708283 0.012097902505282223
vn -0.016027638719678085 0.9993861779236983 -0.016763281043268578
vn -0.032537104450819754 0.9988329836232092 -0.026779697334297158
vn 0.010628044801060098 0.9994342102971583 -0.03191087512748532
vn 0.010628044801060098 0.9994342102971583 -0.03191087512748532
vn -0.049668114324948665 0.9987100448451096 -0.010551054207186227
vn -0.049668114324948665 0.9987100448451096 -0.010551054207186227
vn -0.0407573149540694 0.9975150867924663 -0.057467320271209064
vn -0.0407573149540694 0.9975150867924663 -0.057467320271209064
# 67 normals
usemtl #ffe99898
f 674/1994/674 673/1993/673 672/1992/672 671/1991/671 
f 673/1998/673 676/1997/676 675/1996/675 672/1995/672 
f 676/2002/676 678/2001/678 677/2000/677 675/1999/675 
f 678/2006/678 680/2005/680 679/2004/679 677/2003/677 
f 680/2010/680 682/2009/682 681/2008/681 679/2007/679 
f 682/2014/682 684/2013/684 683/2012/683 681/2011/681 
f 687/2018/687 686/2017/686 674/2016/674 685/2015/685 
f 692/2042/692 693/2041/693 684/2040/684 682/2039/682 
f 695/2046/695 694/2045/694 686/2044/686 687/2043/687 
f 696/2054/696 697/2053/697 689/2052/689 688/2051/688 
f 697/2058/697 698/2057/698 690/2056/690 689/2055/689 
f 698/2062/698 699/2061/699 691/2060/691 690/2059/690 
f 700/2070/700 701/2069/701 693/2068/693 692/2067/692 
f 703/2074/703 702/2073/702 694/2072/694 695/2071/695 
f 704/2082/704 705/2081/705 697/2080/697 696/2079/696 
f 706/2090/706 707/2089/707 699/2088/699 698/2087/698 
f 708/2098/708 709/2097/709 701/2096/701 700/2095/700 
f 711/2102/711 710/2101/710 702/2100/702 703/2099/703 
f 712/2110/712 713/2109/713 705/2108/705 704/2107/704 
f 713/2114/713 714/2113/714 706/2112/706 705/2111/705 
f 714/2118/714 715/2117/715 707/2116/707 706/2115/706 
f 716/2126/716 717/2125/717 709/2124/709 708/2123/708 
f 719/2130/719 718/2129/718 710/2128/710 711/2127/711 
f 724/2154/724 725/2153/725 717/2152/717 716/2151/716 
f 727/2158/727 726/2157/726 720/2156/720 718/2155/718 
f 726/2162/726 728/2161/728 721/2160/721 720/2159/720 
f 728/2166/728 729/2165/729 722/2164/722 721/2163/721 
f 729/2170/729 730/2169/730 723/2168/723 722/2167/722 
f 730/2174/730 731/2173/731 724/2172/724 723/2171/723 
f 733/2179/733 727/2178/727 718/2177/718 719/2176/719 732/2175/732 
f 735/2184/735 725/2183/725 724/2182/724 731/2181/731 734/2180/734 
f 737/2189/737 685/2188/685 674/2187/674 671/2186/671 736/2185/736 
usemtl #ffddc7c7
f 686/2022/686 688/2021/688 673/2020/673 674/2019/674 
f 688/2026/688 689/2025/689 676/2024/676 673/2023/673 
f 689/2030/689 690/2029/690 678/2028/678 676/2027/676 
f 690/2034/690 691/2033/691 680/2032/680 678/2031/678 
f 691/2038/691 692/2037/692 682/2036/682 680/2035/680 
f 694/2050/694 696/2049/696 688/2048/688 686/2047/686 
f 699/2066/699 700/2065/700 692/2064/692 691/2063/691 
f 702/2078/702 704/2077/704 696/2076/696 694/2075/694 
f 705/2086/705 706/2085/706 698/2084/698 697/2083/697 
f 707/2094/707 708/2093/708 700/2092/700 699/2091/699 
f 710/2106/710 712/2105/712 704/2104/704 702/2103/702 
f 715/2122/715 716/2121/716 708/2120/708 707/2119/707 
f 718/2134/718 720/2133/720 712/2132/712 710/2131/710 
f 720/2138/720 721/2137/721 713/2136/713 712/2135/712 
f 721/2142/721 722/2141/722 714/2140/714 713/2139/713 
f 722/2146/722 723/2145/723 715/2144/715 714/2143/714 
f 723/2150/723 724/2149/724 716/2148/716 715/2147/715 
# 49 polygons
g carpet
v -79.03395416016885 1.1578502118345124 152.23047506313083
v -80.61448659455284 3.3969722730057823 115.56232524056121
v -35.26896856466193 1.8630855138794855 113.60776624734811
v -33.68843613027839 4.373804676128734 150.27591606991865
v -82.19501902893644 5.291206067269764 78.89417541799133
v -36.8495009990457 2.0611598204949235 76.93961642477854
v -83.77555146332027 1.500783278958239 42.226025595421255
v -38.43003343342964 2.999399868035952 40.271466602208505
v -85.35608389770393 1.816262478871094 5.5578757728514745
v -40.010565867813355 5.728214166769046 3.603316779638611
v -86.93661633208775 5.271744544657924 -31.110274049718612
v -41.59109830219718 1.7057635980783523 -33.064833042931284
v -88.51714876647158 5.5304096234278575 -67.77842387228844
v -43.17163073658118 2.289141412466276 -69.73298286550126
v -32.10790369589439 5.075061000938425 186.9440658924883
v 11.657081899612464 4.269879514423041 148.321357076706
v 13.237614333996234 1.7323018607133234 184.98950689927557
v 10.076549465228865 4.812686215138818 111.65320725413562
v 8.496017030844925 3.4836888864038924 74.98505743156565
v 6.915484596460985 4.356543418549007 38.31690760899568
v 5.334952162077158 4.503703981323276 1.64875778642579
v 3.7544197276933318 3.12780862042652 -35.0193920361441
v 2.173887293309619 2.832225316822168 -71.68754185871401
v 57.00259992950279 2.8621659208529557 146.366798083493
v 58.5831323638871 5.244210858057772 183.0349479060627
v 55.42206749511911 3.3843270362856206 109.69864826092258
v 53.84153506073544 2.124811549747503 73.03049843835295
v 52.26100262635171 4.9287671967155475 36.36234861578272
v 50.680470191967714 4.68892941667975 -0.3058012067871445
v 49.099937757584044 1.5779012423530023 -36.973951029356854
v 47.51940532320023 2.704182589606635 -73.64210085192695
v 102.34811795939379 3.660088511637566 144.41223909027997
v 103.9286503937777 4.154221535507799 181.08038891285008
v 100.7675855250101 3.673863821341925 107.74408926771002
v 99.18705309062614 2.261992580536786 71.07593944513998
v 97.60652065624225 4.254786911379628 34.40778962257004
v 96.02598822185847 3.817004628620956 -2.2603602000000365
v 94.44545578747471 1.1937767144162326 -38.92851002256977
v 92.86492335309094 4.400832606615494 -75.59665984513973
v 147.69363598928464 1.743140629683472 142.45768009706697
v 149.2741684236685 2.118922294654789 179.12582991963694
v 146.11310355490073 2.8914451351115202 105.78953027449708
v 144.53257112051674 4.0752457622203355 69.121380451927
v 142.95203868613322 5.303358237106324 32.45323062935732
v 141.3715062517493 2.98250380875682 -4.214919193212722
v 139.7909738173656 5.570422289433154 -40.88306901578238
v 138.2104413829817 5.396787497546279 -77.55121883835238
v 193.03915401917533 4.440892098500626e-16 140.5031211038542
v 194.61968645355904 3.7681827670664845 177.17127092642443
v 191.45862158479127 3.3124560273051786 103.83497128128441
v 189.8780891504079 3.508440712684621 67.16682145871447
v 188.2975567160238 2.9972754361417975 30.498671636144415
v 186.71702428163985 5.412449335170012 -6.169478186425536
v 185.1364918472559 1.8741025504269588 -42.83762800899555
v 183.55595941287243 1.724089894134389 -79.5057778315653
v 236.80413961468224 3.434002424452517 101.88041228807171
v 238.38467204906578 2.1148233604071534 138.5485621106415
v 235.22360718029842 4.402512383970251 65.21226246550158
v 233.64307474591436 5.86466616741798 28.544112642931587
v 232.0625423115307 4.092339666698846 -8.124037179638222
v 230.48200987714665 4.4245668060921455 -44.79218700220822
v 232.9224164273029 1.083011561681242 175.52028206164948
v 239.65504067611664 0.783213375164701 168.02095137214877
v 229.15477040227904 3.7581619921039113 -75.58397264111446
v 218.8701767291625 3.209142350975763 -81.0279507836602
v -77.64411932433383 4.381363450850606 184.47446505053225
v -74.17987563212485 4.841806984810419 188.75752298114625
# 67 vertices
vt -0.603917578574185 0.6157590274828602
vt -0.6100915333959975 0.7589939877272727
vt -0.43296060359173616 0.7666289837945114
vt -0.42678664876992545 0.6233940235500952
vt -0.6100915333959975 0.7589939877272727
vt -0.6162654882178085 0.9022289479716863
vt -0.43913455841354776 0.9098639440389238
vt -0.43296060359173616 0.7666289837945114
vt -0.6162654882178085 0.9022289479716863
vt -0.6224394430396203 1.0454639082161006
vt -0.44530851323536 1.0530989042833379
vt -0.43913455841354776 0.9098639440389238
vt -0.6224394430396203 1.0454639082161006
vt -0.6286133978614314 1.1886988684605138
vt -0.4514824680571714 1.1963338645277517
vt -0.44530851323536 1.0530989042833379
vt -0.6286133978614314 1.1886988684605138
vt -0.6347873526832433 1.3319338287049283
vt -0.4576564228789832 1.3395688247721653
vt -0.4514824680571714 1.1963338645277517
vt -0.6347873526832433 1.3319338287049283
vt -0.6409613075050551 1.4751687889493417
vt -0.4638303777007957 1.4828037850165792
vt -0.4576564228789832 1.3395688247721653
vt -0.42061269394811296 0.4801590633056825
vt -0.42678664876992545 0.6233940235500952
vt -0.2496557189656643 0.6310290196173322
vt -0.2434817641438527 0.48779405937291975
vt -0.42678664876992545 0.6233940235500952
vt -0.43296060359173616 0.7666289837945114
vt -0.25582967378747523 0.7742639798617477
vt -0.2496557189656643 0.6310290196173322
vt -0.43296060359173616 0.7666289837945114
vt -0.43913455841354776 0.9098639440389238
vt -0.2620036286092875 0.9174989401061616
vt -0.25582967378747523 0.7742639798617477
vt -0.43913455841354776 0.9098639440389238
vt -0.44530851323536 1.0530989042833379
vt -0.26817758343109976 1.0607339003505756
vt -0.2620036286092875 0.9174989401061616
vt -0.44530851323536 1.0530989042833379
vt -0.4514824680571714 1.1963338645277517
vt -0.2743515382529116 1.2039688605949892
vt -0.26817758343109976 1.0607339003505756
vt -0.4514824680571714 1.1963338645277517
vt -0.4576564228789832 1.3395688247721653
vt -0.2805254930747234 1.3472038208394028
vt -0.2743515382529116 1.2039688605949892
vt -0.4576564228789832 1.3395688247721653
vt -0.4638303777007957 1.4828037850165792
vt -0.2866994478965348 1.4904387810838164
vt -0.2805254930747234 1.3472038208394028
vt -0.2434817641438527 0.48779405937291975
vt -0.2496557189656643 0.6310290196173322
vt -0.0725247891614052 0.6386640156845704
vt -0.06635083433959149 0.4954290554401575
vt -0.2496557189656643 0.6310290196173322
vt -0.25582967378747523 0.7742639798617477
vt -0.07869874398321647 0.781898975928986
vt -0.0725247891614052 0.6386640156845704
vt -0.25582967378747523 0.7742639798617477
vt -0.2620036286092875 0.9174989401061616
vt -0.08487269880502768 0.9251339361733988
vt -0.07869874398321647 0.781898975928986
vt -0.2620036286092875 0.9174989401061616
vt -0.26817758343109976 1.0607339003505756
vt -0.09104665362683911 1.0683688964178137
vt -0.08487269880502768 0.9251339361733988
vt -0.26817758343109976 1.0607339003505756
vt -0.2743515382529116 1.2039688605949892
vt -0.0972206084486516 1.2116038566622271
vt -0.09104665362683911 1.0683688964178137
vt -0.2743515382529116 1.2039688605949892
vt -0.2805254930747234 1.3472038208394028
vt -0.10339456327046281 1.35483881690664
vt -0.0972206084486516 1.2116038566622271
vt -0.2805254930747234 1.3472038208394028
vt -0.2866994478965348 1.4904387810838164
vt -0.10956851809227458 1.4980737771510546
vt -0.10339456327046281 1.35483881690664
vt -0.06635083433959149 0.4954290554401575
vt -0.0725247891614052 0.6386640156845704
vt 0.10460614064285653 0.6462990117518088
vt 0.11078009546466866 0.5030640515073943
vt -0.0725247891614052 0.6386640156845704
vt -0.07869874398321647 0.781898975928986
vt 0.09843218582104521 0.7895339719962227
vt 0.10460614064285653 0.6462990117518088
vt -0.07869874398321647 0.781898975928986
vt -0.08487269880502768 0.9251339361733988
vt 0.09225823099923289 0.932768932240637
vt 0.09843218582104521 0.7895339719962227
vt -0.08487269880502768 0.9251339361733988
vt -0.09104665362683911 1.0683688964178137
vt 0.08608427617742079 1.0760038924850508
vt 0.09225823099923289 0.932768932240637
vt -0.09104665362683911 1.0683688964178137
vt -0.0972206084486516 1.2116038566622271
vt 0.07991032135560916 1.219238852729465
vt 0.08608427617742079 1.0760038924850508
vt -0.0972206084486516 1.2116038566622271
vt -0.10339456327046281 1.35483881690664
vt 0.07373636653379764 1.362473812973878
vt 0.07991032135560916 1.219238852729465
vt -0.10339456327046281 1.35483881690664
vt -0.10956851809227458 1.4980737771510546
vt 0.06756241171198599 1.5057087732182919
vt 0.07373636653379764 1.362473812973878
vt 0.11078009546466866 0.5030640515073943
vt 0.10460614064285653 0.6462990117518088
vt 0.2817370704471176 0.6539340078190471
vt 0.2879110252689296 0.5106990475746331
vt 0.10460614064285653 0.6462990117518088
vt 0.09843218582104521 0.7895339719962227
vt 0.2755631156253055 0.7971689680634607
vt 0.2817370704471176 0.6539340078190471
vt 0.09843218582104521 0.7895339719962227
vt 0.09225823099923289 0.932768932240637
vt 0.269389160803493 0.9404039283078751
vt 0.2755631156253055 0.7971689680634607
vt 0.09225823099923289 0.932768932240637
vt 0.08608427617742079 1.0760038924850508
vt 0.26321520598168235 1.0836388885522878
vt 0.269389160803493 0.9404039283078751
vt 0.08608427617742079 1.0760038924850508
vt 0.07991032135560916 1.219238852729465
vt 0.25704125115987025 1.2268738487967021
vt 0.26321520598168235 1.0836388885522878
vt 0.07991032135560916 1.219238852729465
vt 0.07373636653379764 1.362473812973878
vt 0.2508672963380589 1.3701088090411149
vt 0.25704125115987025 1.2268738487967021
vt 0.07373636653379764 1.362473812973878
vt 0.06756241171198599 1.5057087732182919
vt 0.24469334151624683 1.513343769285529
vt 0.2508672963380589 1.3701088090411149
vt 0.2879110252689296 0.5106990475746331
vt 0.2817370704471176 0.6539340078190471
vt 0.4588680002513781 0.6615690038862845
vt 0.46504195507318946 0.5183340436418695
vt 0.2817370704471176 0.6539340078190471
vt 0.2755631156253055 0.7971689680634607
vt 0.4526940454295654 0.8048039641306977
vt 0.4588680002513781 0.6615690038862845
vt 0.2755631156253055 0.7971689680634607
vt 0.269389160803493 0.9404039283078751
vt 0.4465200906077553 0.9480389243751115
vt 0.4526940454295654 0.8048039641306977
vt 0.269389160803493 0.9404039283078751
vt 0.26321520598168235 1.0836388885522878
vt 0.4403461357859425 1.0912738846195258
vt 0.4465200906077553 0.9480389243751115
vt 0.26321520598168235 1.0836388885522878
vt 0.25704125115987025 1.2268738487967021
vt 0.4341721809641301 1.2345088448639396
vt 0.4403461357859425 1.0912738846195258
vt 0.25704125115987025 1.2268738487967021
vt 0.2508672963380589 1.3701088090411149
vt 0.427998226142318 1.377743805108354
vt 0.4341721809641301 1.2345088448639396
vt 0.2508672963380589 1.3701088090411149
vt 0.24469334151624683 1.513343769285529
vt 0.4218242713205075 1.5209787653527669
vt 0.427998226142318 1.377743805108354
vt 0.4588680002513781 0.6615690038862845
vt 0.4526940454295654 0.8048039641306977
vt 0.629824975233827 0.8124389601979348
vt 0.6359989300556377 0.6692039999535215
vt 0.4526940454295654 0.8048039641306977
vt 0.4465200906077553 0.9480389243751115
vt 0.6236510204120153 0.9556739204423494
vt 0.629824975233827 0.8124389601979348
vt 0.4465200906077553 0.9480389243751115
vt 0.4403461357859425 1.0912738846195258
vt 0.6174770655902024 1.0989088806867635
vt 0.6236510204120153 0.9556739204423494
vt 0.4403461357859425 1.0912738846195258
vt 0.4341721809641301 1.2345088448639396
vt 0.6113031107683913 1.2421438409311767
vt 0.6174770655902024 1.0989088806867635
vt 0.4341721809641301 1.2345088448639396
vt 0.427998226142318 1.377743805108354
vt 0.6051291559465786 1.3853788011755908
vt 0.6113031107683913 1.2421438409311767
vt 0.6146619940331264 0.5247832188948967
vt 0.46504195507318946 0.5183340436418695
vt 0.4588680002513781 0.6615690038862845
vt 0.6359989300556377 0.6692039999535215
vt 0.6409613075050551 0.5540774794007588
vt 0.599944626747877 1.5056592138275682
vt 0.6051291559465786 1.3853788011755908
vt 0.427998226142318 1.377743805108354
vt 0.4218242713205075 1.5209787653527669
vt 0.5597704327122656 1.5269247534468877
vt -0.5984885362467045 0.48980594159457336
vt -0.603917578574185 0.6157590274828602
vt -0.42678664876992545 0.6233940235500952
vt -0.42061269394811296 0.4801590633056825
vt -0.5849563343240132 0.4730752465531124
# 199 uvs
vn -0.029713077629651787 0.998668304301322 -0.03018270523822033
vn 0.01744752447375266 0.9990214701368809 0.011636342632096041
vn -0.011568060816100071 0.9989792880729239 -0.003860341137949651
vn -0.013225331751838282 0.9988637020236408 -0.015611012954415408
vn 0.03546523501412066 0.9986429715360365 -0.006716616841728102
vn -0.0018245430016831992 0.9988093719734858 -0.00019649820256903167
vn -0.02012223696910565 0.9982192922983544 0.0021408236220216877
vn -0.017381236631551642 0.9987246386350248 0.017351640460064578
vn -0.0308756374598619 0.9986684848705246 0.018166662971010886
vn -0.016712666650806254 0.9984683937156839 0.000581718785504861
vn 0.03552914036052279 0.9985488572873127 0.0003276887941498015
vn 0.011069354457744046 0.9985400277762105 -0.01691982631733152
vn 0.07519850092705634 0.9971348048217958 0.008207708043201088
vn 0.026872161311409005 0.9984464412788339 0.0065279123524007695
vn -0.000893035517431133 0.9982414677361362 -0.017066618400125192
vn 0.003820816849691961 0.9993136572515375 0.003544292788787901
vn 0.00795498096397028 0.9993485256608252 0.013224175161167855
vn -0.0050554138347879115 0.9990475175356455 -0.015521472834310523
vn -0.009575428106286421 0.9988926580664849 0.006434982467808966
vn -0.006717504032757329 0.9992837044885368 0.02845724264954767
vn -0.00028176120246832395 0.9986314152193934 -0.024125836784366143
vn 0.0011331124474561272 0.9987130668762736 -0.029855452160031215
vn -0.0012518849580823773 0.999761642386905 0.007677933527118259
vn -0.0003421547887253527 0.9995665282942772 -0.0037973032060959096
vn -0.010767661957037097 0.9994786408323729 -0.01807012787173117
vn 0.010758292829162483 0.9993862193725136 -0.012923641587833726
vn 0.01059271442136626 0.9987002085303718 0.01046313938620288
vn 0.006931853155728144 0.999085403273039 0.025910468355650473
vn 0.007753290201785631 0.9986673177049467 -0.03771173705556331
vn 0.0074647574512546125 0.9982039324667864 -0.017497757894123434
vn 0.0035344452464003097 0.9989616419978593 0.03499981162656814
vn 0.015797768825589403 0.9993865570590151 -0.007654581254340678
vn 0.022235172302367788 0.9991057967872157 -0.02647775982027854
vn 0.0002457280151768634 0.9996481878787515 -0.004102494989585724
vn -0.009649742399936684 0.9989139991665231 0.01781874230421892
vn -0.002054802377799268 0.9988755265384919 0.015662362775508
vn -0.003976679026453229 0.9988028600661264 -0.03114239332584904
vn -0.024408144500069583 0.9979175208429757 0.0065041101886478105
vn -0.03454196022141516 0.9977814347243245 0.051606660680803246
vn 0.022264347458163292 0.998719861492901 0.001109873245247802
vn 0.02077437030101257 0.9986966298610225 -0.035028650170001736
vn 0.00961098270640401 0.9993097454344322 0.022647237395613994
vn -0.0016517990731830991 0.9994370717018602 0.017403185091417382
vn -0.0007055030889369888 0.9993213820212986 0.004361165034635775
vn -0.007719429404609179 0.9995870960709803 -0.012102792355908651
vn -0.0005382831876776205 0.998293680102491 0.005877829293279905
vn 0.011722525199849343 0.9970581864459831 0.01792328131554454
vn 0.0011302723083585348 0.9984027132902602 0.008913821079886527
vn 0.004616199437770999 0.9989219777338368 -0.04413358921088556
vn -0.003197601757668498 0.9988501551885904 0.03973942166398895
vn -0.004214838783717374 0.9995361395537767 0.014534945376762441
vn -0.006684334403878557 0.999581378038571 0.008482207866925415
vn -0.004996366254616358 0.9996473787326778 -0.01142955252289166
vn 0.007237738368263203 0.9985491157941869 -0.018742106011015138
vn 0.015489669311153694 0.9977108126231037 -0.009212970038601727
vn -0.01616948011973927 0.9987626855831162 0.040140740972620215
vn -0.005609083497571304 0.99857397588131 0.016021245820974195
vn -0.02564752825876022 0.99943526069817 0.015521070905750084
vn -0.028725745468454984 0.9994376625708283 0.012097902505282213
vn -0.016027638719678116 0.9993861779236983 -0.016763281043268602
vn -0.03253710445081979 0.998832983623209 -0.0267796973342972
vn 0.010628044801060138 0.9994342102971585 -0.03191087512748536
vn 0.010628044801060138 0.9994342102971585 -0.03191087512748536
vn -0.04966811432494867 0.9987100448451095 -0.010551054207186257
vn -0.04966811432494867 0.9987100448451095 -0.010551054207186257
vn -0.04075731495406931 0.9975150867924661 -0.057467320271209064
vn -0.04075731495406931 0.9975150867924661 -0.057467320271209064
# 67 normals
usemtl #ffe99898
f 741/2193/741 740/2192/740 739/2191/739 738/2190/738 
f 740/2197/740 743/2196/743 742/2195/742 739/2194/739 
f 743/2201/743 745/2200/745 744/2199/744 742/2198/742 
f 745/2205/745 747/2204/747 746/2203/746 744/2202/744 
f 747/2209/747 749/2208/749 748/2207/748 746/2206/746 
f 749/2213/749 751/2212/751 750/2211/750 748/2210/748 
f 754/2217/754 753/2216/753 741/2215/741 752/2214/752 
f 759/2241/759 760/2240/760 751/2239/751 749/2238/749 
f 762/2245/762 761/2244/761 753/2243/753 754/2242/754 
f 763/2253/763 764/2252/764 756/2251/756 755/2250/755 
f 764/2257/764 765/2256/765 757/2255/757 756/2254/756 
f 765/2261/765 766/2260/766 758/2259/758 757/2258/757 
f 767/2269/767 768/2268/768 760/2267/760 759/2266/759 
f 770/2273/770 769/2272/769 761/2271/761 762/2270/762 
f 771/2281/771 772/2280/772 764/2279/764 763/2278/763 
f 773/2289/773 774/2288/774 766/2287/766 765/2286/765 
f 775/2297/775 776/2296/776 768/2295/768 767/2294/767 
f 778/2301/778 777/2300/777 769/2299/769 770/2298/770 
f 779/2309/779 780/2308/780 772/2307/772 771/2306/771 
f 780/2313/780 781/2312/781 773/2311/773 772/2310/772 
f 781/2317/781 782/2316/782 774/2315/774 773/2314/773 
f 783/2325/783 784/2324/784 776/2323/776 775/2322/775 
f 786/2329/786 785/2328/785 777/2327/777 778/2326/778 
f 791/2353/791 792/2352/792 784/2351/784 783/2350/783 
f 794/2357/794 793/2356/793 787/2355/787 785/2354/785 
f 793/2361/793 795/2360/795 788/2359/788 787/2358/787 
f 795/2365/795 796/2364/796 789/2363/789 788/2362/788 
f 796/2369/796 797/2368/797 790/2367/790 789/2366/789 
f 797/2373/797 798/2372/798 791/2371/791 790/2370/790 
f 800/2378/800 794/2377/794 785/2376/785 786/2375/786 799/2374/799 
f 802/2383/802 792/2382/792 791/2381/791 798/2380/798 801/2379/801 
f 804/2388/804 752/2387/752 741/2386/741 738/2385/738 803/2384/803 
usemtl #ffddc7c7
f 753/2221/753 755/2220/755 740/2219/740 741/2218/741 
f 755/2225/755 756/2224/756 743/2223/743 740/2222/740 
f 756/2229/756 757/2228/757 745/2227/745 743/2226/743 
f 757/2233/757 758/2232/758 747/2231/747 745/2230/745 
f 758/2237/758 759/2236/759 749/2235/749 747/2234/747 
f 761/2249/761 763/2248/763 755/2247/755 753/2246/753 
f 766/2265/766 767/2264/767 759/2263/759 758/2262/758 
f 769/2277/769 771/2276/771 763/2275/763 761/2274/761 
f 772/2285/772 773/2284/773 765/2283/765 764/2282/764 
f 774/2293/774 775/2292/775 767/2291/767 766/2290/766 
f 777/2305/777 779/2304/779 771/2303/771 769/2302/769 
f 782/2321/782 783/2320/783 775/2319/775 774/2318/774 
f 785/2333/785 787/2332/787 779/2331/779 777/2330/777 
f 787/2337/787 788/2336/788 780/2335/780 779/2334/779 
f 788/2341/788 789/2340/789 781/2339/781 780/2338/780 
f 789/2345/789 790/2344/790 782/2343/782 781/2342/781 
f 790/2349/790 791/2348/791 783/2347/783 782/2346/782 
# 49 polygons
g carpet
v 172.35443508572604 1.1578502118345124 -445.0570914649586
v 170.77390265134204 3.3969722730057823 -481.7252412875282
v 216.11942068123295 1.8630855138794855 -483.67980028074135
v 217.6999531156165 4.373804676128734 -447.0116504581708
v 169.19337021695844 5.291206067269764 -518.393391110098
v 214.53888824684918 2.0611598204949235 -520.3479501033108
v 167.61283778257462 1.500783278958239 -555.0615409326682
v 212.95835581246524 2.999399868035952 -557.0160999258809
v 166.03230534819096 1.816262478871094 -591.7296907552379
v 211.37782337808153 5.728214166769046 -593.6842497484508
v 164.45177291380713 5.271744544657924 -628.397840577808
v 209.7972909436977 1.7057635980783523 -630.3523995710207
v 162.8712404794233 5.5304096234278575 -665.0659904003778
v 208.2167585093137 2.289141412466276 -667.0205493935907
v 219.2804855500005 5.075061000938425 -410.3435006356011
v 263.04547114550735 4.269879514423041 -448.9662094513834
v 264.6260035798911 1.7323018607133234 -412.29805962881386
v 261.46493871112375 4.812686215138818 -485.6343592739538
v 259.8844062767398 3.4836888864038924 -522.3025090965237
v 258.30387384235587 4.356543418549007 -558.9706589190937
v 256.72334140797204 4.503703981323276 -595.6388087416636
v 255.14280897358822 3.12780862042652 -632.3069585642336
v 253.5622765392045 2.832225316822168 -668.9751083868034
v 308.3909891753977 2.8621659208529557 -450.92076844459643
v 309.971521609782 5.244210858057772 -414.2526186220267
v 306.810456741014 3.3843270362856206 -487.58891826716683
v 305.2299243066303 2.124811549747503 -524.2570680897364
v 303.6493918722466 4.9287671967155475 -560.9252179123067
v 302.0688594378626 4.68892941667975 -597.5933677348766
v 300.48832700347896 1.5779012423530023 -634.2615175574463
v 298.90779456909513 2.704182589606635 -670.9296673800163
v 353.73650720528866 3.660088511637566 -452.87532743780946
v 355.3170396396726 4.154221535507799 -416.20717761523935
v 352.155974770905 3.673863821341925 -489.5434772603794
v 350.575442336521 2.261992580536786 -526.2116270829495
v 348.9949099021371 4.254786911379628 -562.8797769055194
v 347.41437746775335 3.817004628620956 -599.5479267280895
v 345.8338450333696 1.1937767144162326 -636.2160765506592
v 344.2533125989858 4.400832606615494 -672.8842263732291
v 399.0820252351795 1.743140629683472 -454.8298864310225
v 400.6625576695634 2.118922294654789 -418.1617366084525
v 397.50149280079563 2.8914451351115202 -491.4980362535923
v 395.92096036641163 4.0752457622203355 -528.1661860761625
v 394.3404279320281 5.303358237106324 -564.8343358987321
v 392.7598954976442 2.98250380875682 -601.5024857213022
v 391.1793630632605 5.570422289433154 -638.1706355438719
v 389.5988306288766 5.396787497546279 -674.8387853664418
v 444.4275432650702 4.440892098500626e-16 -456.78444542423523
v 446.0080756994539 3.7681827670664845 -420.116295601665
v 442.84701083068614 3.3124560273051786 -493.452595246805
v 441.2664783963028 3.508440712684621 -530.120745069375
v 439.6859459619187 2.9972754361417975 -566.788894891945
v 438.1054135275347 5.412449335170012 -603.457044714515
v 436.52488109315084 1.8741025504269588 -640.125194537085
v 434.94434865876735 1.724089894134389 -676.7933443596547
v 488.1925288605771 3.434002424452517 -495.4071542400177
v 489.77306129496066 2.1148233604071534 -458.7390044174479
v 486.6119964261933 4.402512383970251 -532.0753040625879
v 485.03146399180923 5.86466616741798 -568.7434538851578
v 483.4509315574256 4.092339666698846 -605.4116037077276
v 481.8703991230415 4.4245668060921455 -642.0797535302977
v 484.31080567319776 1.083011561681242 -421.76728446643995
v 491.0434299220115 0.783213375164701 -429.26661515594066
v 480.5431596481739 3.7581619921039113 -672.8715391692039
v 470.2585659750574 3.209142350975763 -678.3155173117497
v 173.74426992156106 4.381363450850606 -412.8131014775572
v 177.20851361377004 4.841806984810419 -408.53004354694315
# 67 vertices
vt -0.603917578574185 0.6157590274828602
vt -0.6100915333959975 0.7589939877272727
vt -0.43296060359173616 0.7666289837945114
vt -0.42678664876992545 0.6233940235500952
vt -0.6100915333959975 0.7589939877272727
vt -0.6162654882178085 0.9022289479716863
vt -0.43913455841354776 0.9098639440389238
vt -0.43296060359173616 0.7666289837945114
vt -0.6162654882178085 0.9022289479716863
vt -0.6224394430396203 1.0454639082161006
vt -0.44530851323536 1.0530989042833379
vt -0.43913455841354776 0.9098639440389238
vt -0.6224394430396203 1.0454639082161006
vt -0.6286133978614314 1.1886988684605138
vt -0.4514824680571714 1.1963338645277517
vt -0.44530851323536 1.0530989042833379
vt -0.6286133978614314 1.1886988684605138
vt -0.6347873526832433 1.3319338287049283
vt -0.4576564228789832 1.3395688247721653
vt -0.4514824680571714 1.1963338645277517
vt -0.6347873526832433 1.3319338287049283
vt -0.6409613075050551 1.4751687889493417
vt -0.4638303777007957 1.4828037850165792
vt -0.4576564228789832 1.3395688247721653
vt -0.42061269394811296 0.4801590633056825
vt -0.42678664876992545 0.6233940235500952
vt -0.2496557189656643 0.6310290196173322
vt -0.2434817641438527 0.48779405937291975
vt -0.42678664876992545 0.6233940235500952
vt -0.43296060359173616 0.7666289837945114
vt -0.25582967378747523 0.7742639798617477
vt -0.2496557189656643 0.6310290196173322
vt -0.43296060359173616 0.7666289837945114
vt -0.43913455841354776 0.9098639440389238
vt -0.2620036286092875 0.9174989401061616
vt -0.25582967378747523 0.7742639798617477
vt -0.43913455841354776 0.9098639440389238
vt -0.44530851323536 1.0530989042833379
vt -0.26817758343109976 1.0607339003505756
vt -0.2620036286092875 0.9174989401061616
vt -0.44530851323536 1.0530989042833379
vt -0.4514824680571714 1.1963338645277517
vt -0.2743515382529116 1.2039688605949892
vt -0.26817758343109976 1.0607339003505756
vt -0.4514824680571714 1.1963338645277517
vt -0.4576564228789832 1.3395688247721653
vt -0.2805254930747234 1.3472038208394028
vt -0.2743515382529116 1.2039688605949892
vt -0.4576564228789832 1.3395688247721653
vt -0.4638303777007957 1.4828037850165792
vt -0.2866994478965348 1.4904387810838164
vt -0.2805254930747234 1.3472038208394028
vt -0.2434817641438527 0.48779405937291975
vt -0.2496557189656643 0.6310290196173322
vt -0.0725247891614052 0.6386640156845704
vt -0.06635083433959149 0.4954290554401575
vt -0.2496557189656643 0.6310290196173322
vt -0.25582967378747523 0.7742639798617477
vt -0.07869874398321647 0.781898975928986
vt -0.0725247891614052 0.6386640156845704
vt -0.25582967378747523 0.7742639798617477
vt -0.2620036286092875 0.9174989401061616
vt -0.08487269880502768 0.9251339361733988
vt -0.07869874398321647 0.781898975928986
vt -0.2620036286092875 0.9174989401061616
vt -0.26817758343109976 1.0607339003505756
vt -0.09104665362683911 1.0683688964178137
vt -0.08487269880502768 0.9251339361733988
vt -0.26817758343109976 1.0607339003505756
vt -0.2743515382529116 1.2039688605949892
vt -0.0972206084486516 1.2116038566622271
vt -0.09104665362683911 1.0683688964178137
vt -0.2743515382529116 1.2039688605949892
vt -0.2805254930747234 1.3472038208394028
vt -0.10339456327046281 1.35483881690664
vt -0.0972206084486516 1.2116038566622271
vt -0.2805254930747234 1.3472038208394028
vt -0.2866994478965348 1.4904387810838164
vt -0.10956851809227458 1.4980737771510546
vt -0.10339456327046281 1.35483881690664
vt -0.06635083433959149 0.4954290554401575
vt -0.0725247891614052 0.6386640156845704
vt 0.10460614064285653 0.6462990117518088
vt 0.11078009546466866 0.5030640515073943
vt -0.0725247891614052 0.6386640156845704
vt -0.07869874398321647 0.781898975928986
vt 0.09843218582104521 0.7895339719962227
vt 0.10460614064285653 0.6462990117518088
vt -0.07869874398321647 0.781898975928986
vt -0.08487269880502768 0.9251339361733988
vt 0.09225823099923289 0.932768932240637
vt 0.09843218582104521 0.7895339719962227
vt -0.08487269880502768 0.9251339361733988
vt -0.09104665362683911 1.0683688964178137
vt 0.08608427617742079 1.0760038924850508
vt 0.09225823099923289 0.932768932240637
vt -0.09104665362683911 1.0683688964178137
vt -0.0972206084486516 1.2116038566622271
vt 0.07991032135560916 1.219238852729465
vt 0.08608427617742079 1.0760038924850508
vt -0.0972206084486516 1.2116038566622271
vt -0.10339456327046281 1.35483881690664
vt 0.07373636653379764 1.362473812973878
vt 0.07991032135560916 1.219238852729465
vt -0.10339456327046281 1.35483881690664
vt -0.10956851809227458 1.4980737771510546
vt 0.06756241171198599 1.5057087732182919
vt 0.07373636653379764 1.362473812973878
vt 0.11078009546466866 0.5030640515073943
vt 0.10460614064285653 0.6462990117518088
vt 0.2817370704471176 0.6539340078190471
vt 0.2879110252689296 0.5106990475746331
vt 0.10460614064285653 0.6462990117518088
vt 0.09843218582104521 0.7895339719962227
vt 0.2755631156253055 0.7971689680634607
vt 0.2817370704471176 0.6539340078190471
vt 0.09843218582104521 0.7895339719962227
vt 0.09225823099923289 0.932768932240637
vt 0.269389160803493 0.9404039283078751
vt 0.2755631156253055 0.7971689680634607
vt 0.09225823099923289 0.932768932240637
vt 0.08608427617742079 1.0760038924850508
vt 0.26321520598168235 1.0836388885522878
vt 0.269389160803493 0.9404039283078751
vt 0.08608427617742079 1.0760038924850508
vt 0.07991032135560916 1.219238852729465
vt 0.25704125115987025 1.2268738487967021
vt 0.26321520598168235 1.0836388885522878
vt 0.07991032135560916 1.219238852729465
vt 0.07373636653379764 1.362473812973878
vt 0.2508672963380589 1.3701088090411149
vt 0.25704125115987025 1.2268738487967021
vt 0.07373636653379764 1.362473812973878
vt 0.06756241171198599 1.5057087732182919
vt 0.24469334151624683 1.513343769285529
vt 0.2508672963380589 1.3701088090411149
vt 0.2879110252689296 0.5106990475746331
vt 0.2817370704471176 0.6539340078190471
vt 0.4588680002513781 0.6615690038862845
vt 0.46504195507318946 0.5183340436418695
vt 0.2817370704471176 0.6539340078190471
vt 0.2755631156253055 0.7971689680634607
vt 0.4526940454295654 0.8048039641306977
vt 0.4588680002513781 0.6615690038862845
vt 0.2755631156253055 0.7971689680634607
vt 0.269389160803493 0.9404039283078751
vt 0.4465200906077553 0.9480389243751115
vt 0.4526940454295654 0.8048039641306977
vt 0.269389160803493 0.9404039283078751
vt 0.26321520598168235 1.0836388885522878
vt 0.4403461357859425 1.0912738846195258
vt 0.4465200906077553 0.9480389243751115
vt 0.26321520598168235 1.0836388885522878
vt 0.25704125115987025 1.2268738487967021
vt 0.4341721809641301 1.2345088448639396
vt 0.4403461357859425 1.0912738846195258
vt 0.25704125115987025 1.2268738487967021
vt 0.2508672963380589 1.3701088090411149
vt 0.427998226142318 1.377743805108354
vt 0.4341721809641301 1.2345088448639396
vt 0.2508672963380589 1.3701088090411149
vt 0.24469334151624683 1.513343769285529
vt 0.4218242713205075 1.5209787653527669
vt 0.427998226142318 1.377743805108354
vt 0.4588680002513781 0.6615690038862845
vt 0.4526940454295654 0.8048039641306977
vt 0.629824975233827 0.8124389601979348
vt 0.6359989300556377 0.6692039999535215
vt 0.4526940454295654 0.8048039641306977
vt 0.4465200906077553 0.9480389243751115
vt 0.6236510204120153 0.9556739204423494
vt 0.629824975233827 0.8124389601979348
vt 0.4465200906077553 0.9480389243751115
vt 0.4403461357859425 1.0912738846195258
vt 0.6174770655902024 1.0989088806867635
vt 0.6236510204120153 0.9556739204423494
vt 0.4403461357859425 1.0912738846195258
vt 0.4341721809641301 1.2345088448639396
vt 0.6113031107683913 1.2421438409311767
vt 0.6174770655902024 1.0989088806867635
vt 0.4341721809641301 1.2345088448639396
vt 0.427998226142318 1.377743805108354
vt 0.6051291559465786 1.3853788011755908
vt 0.6113031107683913 1.2421438409311767
vt 0.6146619940331264 0.5247832188948967
vt 0.46504195507318946 0.5183340436418695
vt 0.4588680002513781 0.6615690038862845
vt 0.6359989300556377 0.6692039999535215
vt 0.6409613075050551 0.5540774794007588
vt 0.599944626747877 1.5056592138275682
vt 0.6051291559465786 1.3853788011755908
vt 0.427998226142318 1.377743805108354
vt 0.4218242713205075 1.5209787653527669
vt 0.5597704327122656 1.5269247534468877
vt -0.5984885362467045 0.48980594159457336
vt -0.603917578574185 0.6157590274828602
vt -0.42678664876992545 0.6233940235500952
vt -0.42061269394811296 0.4801590633056825
vt -0.5849563343240132 0.4730752465531124
# 199 uvs
vn -0.02971307762965178 0.9986683043013219 -0.03018270523822032
vn 0.017447524473752633 0.9990214701368807 0.011636342632096067
vn -0.011568060816100064 0.9989792880729238 -0.0038603411379496437
vn -0.01322533175183832 0.9988637020236406 -0.015611012954415398
vn 0.03546523501412077 0.9986429715360364 -0.006716616841728033
vn -0.0018245430016831255 0.9988093719734858 -0.00019649820256900652
vn -0.020122236969105447 0.9982192922983545 0.0021408236220217466
vn -0.017381236631551555 0.9987246386350249 0.0173516404600646
vn -0.030875637459861802 0.9986684848705247 0.018166662971010897
vn -0.01671266665080625 0.998468393715684 0.000581718785504861
vn 0.03552914036052276 0.9985488572873129 0.0003276887941497902
vn 0.011069354457743985 0.9985400277762106 -0.016919826317331528
vn 0.07519850092705617 0.997134804821796 0.008207708043201077
vn 0.02687216131140891 0.9984464412788339 0.006527912352400763
vn -0.0008930355174312093 0.9982414677361361 -0.017066618400125175
vn 0.003820816849691931 0.9993136572515375 0.0035442927887878945
vn 0.007954980963970279 0.9993485256608252 0.01322417516116786
vn -0.005055413834787906 0.9990475175356454 -0.015521472834310542
vn -0.009575428106286418 0.9988926580664848 0.006434982467808945
vn -0.0067175040327573585 0.9992837044885368 0.02845724264954765
vn -0.00028176120246830097 0.9986314152193935 -0.02412583678436614
vn 0.0011331124474561359 0.9987130668762736 -0.0298554521600312
vn -0.0012518849580824016 0.9997616423869049 0.007677933527118262
vn -0.0003421547887253588 0.9995665282942773 -0.0037973032060959243
vn -0.010767661957037069 0.9994786408323728 -0.018070127871731175
vn 0.010758292829162465 0.9993862193725136 -0.012923641587833745
vn 0.01059271442136627 0.9987002085303718 0.01046313938620286
vn 0.0069318531557281664 0.9990854032730389 0.025910468355650446
vn 0.00775329020178572 0.9986673177049465 -0.037711737055563355
vn 0.007464757451254673 0.9982039324667864 -0.017497757894123486
vn 0.0035344452464002828 0.9989616419978593 0.03499981162656811
vn 0.015797768825589382 0.9993865570590151 -0.007654581254340681
vn 0.022235172302367764 0.9991057967872156 -0.026477759820278557
vn 0.0002457280151768413 0.9996481878787515 -0.004102494989585715
vn -0.009649742399936649 0.9989139991665231 0.01781874230421894
vn -0.0020548023777992317 0.9988755265384919 0.015662362775508018
vn -0.003976679026453295 0.9988028600661262 -0.031142393325849102
vn -0.024408144500069572 0.9979175208429756 0.006504110188647763
vn -0.034541960221415036 0.9977814347243243 0.05160666068080326
vn 0.02226434745816328 0.998719861492901 0.0011098732452478246
vn 0.02077437030101258 0.9986966298610225 -0.03502865017000176
vn 0.009610982706403972 0.9993097454344323 0.022647237395614025
vn -0.001651799073183106 0.9994370717018602 0.017403185091417417
vn -0.0007055030889370136 0.9993213820212986 0.004361165034635801
vn -0.007719429404609209 0.9995870960709803 -0.012102792355908642
vn -0.0005382831876775754 0.998293680102491 0.005877829293279941
vn 0.011722525199849426 0.9970581864459831 0.017923281315544586
vn 0.001130272308358546 0.9984027132902602 0.0089138210798866
vn 0.004616199437771004 0.9989219777338367 -0.04413358921088553
vn -0.0031976017576684818 0.9988501551885904 0.039739421663989014
vn -0.0042148387837174055 0.9995361395537767 0.014534945376762441
vn -0.006684334403878604 0.999581378038571 0.008482207866925408
vn -0.004996366254616323 0.9996473787326778 -0.01142955252289165
vn 0.007237738368263167 0.9985491157941869 -0.01874210601101513
vn 0.015489669311153531 0.9977108126231037 -0.009212970038601739
vn -0.01616948011973921 0.9987626855831162 0.04014074097262029
vn -0.005609083497571259 0.9985739758813099 0.016021245820974302
vn -0.025647528258760252 0.99943526069817 0.015521070905750084
vn -0.02872574546845503 0.9994376625708283 0.012097902505282199
vn -0.016027638719678165 0.9993861779236983 -0.01676328104326861
vn -0.032537104450819955 0.998832983623209 -0.026779697334297213
vn 0.010628044801060148 0.9994342102971584 -0.031910875127485284
vn 0.010628044801060148 0.9994342102971584 -0.031910875127485284
vn -0.04966811432494889 0.9987100448451095 -0.010551054207186283
vn -0.04966811432494889 0.9987100448451095 -0.010551054207186283
vn -0.04075731495406934 0.997515086792466 -0.057467320271209044
vn -0.04075731495406934 0.997515086792466 -0.057467320271209044
# 67 normals
usemtl #ffe99898
f 808/2392/808 807/2391/807 806/2390/806 805/2389/805 
f 807/2396/807 810/2395/810 809/2394/809 806/2393/806 
f 810/2400/810 812/2399/812 811/2398/811 809/2397/809 
f 812/2404/812 814/2403/814 813/2402/813 811/2401/811 
f 814/2408/814 816/2407/816 815/2406/815 813/2405/813 
f 816/2412/816 818/2411/818 817/2410/817 815/2409/815 
f 821/2416/821 820/2415/820 808/2414/808 819/2413/819 
f 826/2440/826 827/2439/827 818/2438/818 816/2437/816 
f 829/2444/829 828/2443/828 820/2442/820 821/2441/821 
f 830/2452/830 831/2451/831 823/2450/823 822/2449/822 
f 831/2456/831 832/2455/832 824/2454/824 823/2453/823 
f 832/2460/832 833/2459/833 825/2458/825 824/2457/824 
f 834/2468/834 835/2467/835 827/2466/827 826/2465/826 
f 837/2472/837 836/2471/836 828/2470/828 829/2469/829 
f 838/2480/838 839/2479/839 831/2478/831 830/2477/830 
f 840/2488/840 841/2487/841 833/2486/833 832/2485/832 
f 842/2496/842 843/2495/843 835/2494/835 834/2493/834 
f 845/2500/845 844/2499/844 836/2498/836 837/2497/837 
f 846/2508/846 847/2507/847 839/2506/839 838/2505/838 
f 847/2512/847 848/2511/848 840/2510/840 839/2509/839 
f 848/2516/848 849/2515/849 841/2514/841 840/2513/840 
f 850/2524/850 851/2523/851 843/2522/843 842/2521/842 
f 853/2528/853 852/2527/852 844/2526/844 845/2525/845 
f 858/2552/858 859/2551/859 851/2550/851 850/2549/850 
f 861/2556/861 860/2555/860 854/2554/854 852/2553/852 
f 860/2560/860 862/2559/862 855/2558/855 854/2557/854 
f 862/2564/862 863/2563/863 856/2562/856 855/2561/855 
f 863/2568/863 864/2567/864 857/2566/857 856/2565/856 
f 864/2572/864 865/2571/865 858/2570/858 857/2569/857 
f 867/2577/867 861/2576/861 852/2575/852 853/2574/853 866/2573/866 
f 869/2582/869 859/2581/859 858/2580/858 865/2579/865 868/2578/868 
f 871/2587/871 819/2586/819 808/2585/808 805/2584/805 870/2583/870 
usemtl #ffddc7c7
f 820/2420/820 822/2419/822 807/2418/807 808/2417/808 
f 822/2424/822 823/2423/823 810/2422/810 807/2421/807 
f 823/2428/823 824/2427/824 812/2426/812 810/2425/810 
f 824/2432/824 825/2431/825 814/2430/814 812/2429/812 
f 825/2436/825 826/2435/826 816/2434/816 814/2433/814 
f 828/2448/828 830/2447/830 822/2446/822 820/2445/820 
f 833/2464/833 834/2463/834 826/2462/826 825/2461/825 
f 836/2476/836 838/2475/838 830/2474/830 828/2473/828 
f 839/2484/839 840/2483/840 832/2482/832 831/2481/831 
f 841/2492/841 842/2491/842 834/2490/834 833/2489/833 
f 844/2504/844 846/2503/846 838/2502/838 836/2501/836 
f 849/2520/849 850/2519/850 842/2518/842 841/2517/841 
f 852/2532/852 854/2531/854 846/2530/846 844/2529/844 
f 854/2536/854 855/2535/855 847/2534/847 846/2533/846 
f 855/2540/855 856/2539/856 848/2538/848 847/2537/847 
f 856/2544/856 857/2543/857 849/2542/849 848/2541/848 
f 857/2548/857 858/2547/858 850/2546/850 849/2545/849 
# 49 polygons
g carpet
v 173.34836494934456 1.1578502118345124 -269.07265177574686
v 171.76783251496056 3.3969722730057823 -305.74080159831647
v 217.11335054485147 1.8630855138794855 -307.6953605915296
v 218.693882979235 4.373804676128734 -271.02721076895904
v 170.18730008057696 5.291206067269764 -342.40895142088635
v 215.5328181104677 2.0611598204949235 -344.36351041409915
v 168.60676764619313 1.500783278958239 -379.0771012434564
v 213.95228567608376 2.999399868035952 -381.03166023666915
v 167.02623521180948 1.816262478871094 -415.7452510660262
v 212.37175324170005 5.728214166769046 -417.6998100592391
v 165.44570277742565 5.271744544657924 -452.4134008885963
v 210.79122080731622 1.7057635980783523 -454.367959881809
v 163.86517034304183 5.5304096234278575 -489.08155071116613
v 209.21068837293222 2.289141412466276 -491.03610970437893
v 220.274415413619 5.075061000938425 -234.35906094638938
v 264.03940100912587 4.269879514423041 -272.98176976217167
v 265.61993344350964 1.7323018607133234 -236.31361993960212
v 262.45886857474227 4.812686215138818 -309.64991958474207
v 260.87833614035833 3.4836888864038924 -346.31806940731207
v 259.2978037059744 4.356543418549007 -382.986219229882
v 257.71727127159056 4.503703981323276 -419.6543690524519
v 256.13673883720674 3.12780862042652 -456.3225188750218
v 254.55620640282302 2.832225316822168 -492.9906686975917
v 309.3849190390162 2.8621659208529557 -274.9363287553847
v 310.9654514734005 5.244210858057772 -238.26817893281498
v 307.8043866046325 3.3843270362856206 -311.6044785779551
v 306.22385417024884 2.124811549747503 -348.27262840052475
v 304.64332173586513 4.9287671967155475 -384.940778223095
v 303.06278930148113 4.68892941667975 -421.6089280456648
v 301.4822568670975 1.5779012423530023 -458.2770778682345
v 299.90172443271365 2.704182589606635 -494.94522769080464
v 354.7304370689072 3.660088511637566 -276.8908877485977
v 356.3109695032911 4.154221535507799 -240.2227379260276
v 353.1499046345235 3.673863821341925 -313.55903757116766
v 351.5693722001395 2.261992580536786 -350.2271873937377
v 349.98883976575564 4.254786911379628 -386.89533721630767
v 348.4083073313719 3.817004628620956 -423.5634870388777
v 346.8277748969881 1.1937767144162326 -460.23163686144744
v 345.24724246260433 4.400832606615494 -496.8997866840174
v 400.07595509879803 1.743140629683472 -278.84544674181075
v 401.6564875331819 2.118922294654789 -242.17729691924075
v 398.49542266441415 2.8914451351115202 -315.5135965643806
v 396.91489023003015 4.0752457622203355 -352.1817463869507
v 395.3343577956466 5.303358237106324 -388.84989620952035
v 393.7538253612627 2.98250380875682 -425.5180460320904
v 392.173292926879 5.570422289433154 -462.18619585466007
v 390.59276049249513 5.396787497546279 -498.85434567723007
v 445.4214731286887 4.440892098500626e-16 -280.8000057350235
v 447.00200556307243 3.7681827670664845 -244.13185591245326
v 443.84094069430466 3.3124560273051786 -317.46815555759326
v 442.2604082599213 3.508440712684621 -354.1363053801632
v 440.67987582553724 2.9972754361417975 -390.80445520273327
v 439.09934339115324 5.412449335170012 -427.4726050253032
v 437.51881095676936 1.8741025504269588 -464.14075484787327
v 435.9382785223859 1.724089894134389 -500.808904670443
v 489.18645872419563 3.434002424452517 -319.42271455080595
v 490.7669911585792 2.1148233604071534 -282.7545647282362
v 487.6059262898118 4.402512383970251 -356.0908643733761
v 486.02539385542775 5.86466616741798 -392.7590141959461
v 484.4448614210441 4.092339666698846 -429.4271640185159
v 482.86432898666004 4.4245668060921455 -466.0953138410859
v 485.3047355368163 1.083011561681242 -245.7828447772282
v 492.03735978563003 0.783213375164701 -253.28217546672892
v 481.53708951179243 3.7581619921039113 -496.8870994799921
v 471.25249583867594 3.209142350975763 -502.3310776225379
v 174.73819978517957 4.381363450850606 -236.82866178834544
v 178.20244347738856 4.841806984810419 -232.54560385773144
# 67 vertices
vt -0.603917578574185 0.6157590274828602
vt -0.6100915333959975 0.7589939877272727
vt -0.43296060359173616 0.7666289837945114
vt -0.42678664876992545 0.6233940235500952
vt -0.6100915333959975 0.7589939877272727
vt -0.6162654882178085 0.9022289479716863
vt -0.43913455841354776 0.9098639440389238
vt -0.43296060359173616 0.7666289837945114
vt -0.6162654882178085 0.9022289479716863
vt -0.6224394430396203 1.0454639082161006
vt -0.44530851323536 1.0530989042833379
vt -0.43913455841354776 0.9098639440389238
vt -0.6224394430396203 1.0454639082161006
vt -0.6286133978614314 1.1886988684605138
vt -0.4514824680571714 1.1963338645277517
vt -0.44530851323536 1.0530989042833379
vt -0.6286133978614314 1.1886988684605138
vt -0.6347873526832433 1.3319338287049283
vt -0.4576564228789832 1.3395688247721653
vt -0.4514824680571714 1.1963338645277517
vt -0.6347873526832433 1.3319338287049283
vt -0.6409613075050551 1.4751687889493417
vt -0.4638303777007957 1.4828037850165792
vt -0.4576564228789832 1.3395688247721653
vt -0.42061269394811296 0.4801590633056825
vt -0.42678664876992545 0.6233940235500952
vt -0.2496557189656643 0.6310290196173322
vt -0.2434817641438527 0.48779405937291975
vt -0.42678664876992545 0.6233940235500952
vt -0.43296060359173616 0.7666289837945114
vt -0.25582967378747523 0.7742639798617477
vt -0.2496557189656643 0.6310290196173322
vt -0.43296060359173616 0.7666289837945114
vt -0.43913455841354776 0.9098639440389238
vt -0.2620036286092875 0.9174989401061616
vt -0.25582967378747523 0.7742639798617477
vt -0.43913455841354776 0.9098639440389238
vt -0.44530851323536 1.0530989042833379
vt -0.26817758343109976 1.0607339003505756
vt -0.2620036286092875 0.9174989401061616
vt -0.44530851323536 1.0530989042833379
vt -0.4514824680571714 1.1963338645277517
vt -0.2743515382529116 1.2039688605949892
vt -0.26817758343109976 1.0607339003505756
vt -0.4514824680571714 1.1963338645277517
vt -0.4576564228789832 1.3395688247721653
vt -0.2805254930747234 1.3472038208394028
vt -0.2743515382529116 1.2039688605949892
vt -0.4576564228789832 1.3395688247721653
vt -0.4638303777007957 1.4828037850165792
vt -0.2866994478965348 1.4904387810838164
vt -0.2805254930747234 1.3472038208394028
vt -0.2434817641438527 0.48779405937291975
vt -0.2496557189656643 0.6310290196173322
vt -0.0725247891614052 0.6386640156845704
vt -0.06635083433959149 0.4954290554401575
vt -0.2496557189656643 0.6310290196173322
vt -0.25582967378747523 0.7742639798617477
vt -0.07869874398321647 0.781898975928986
vt -0.0725247891614052 0.6386640156845704
vt -0.25582967378747523 0.7742639798617477
vt -0.2620036286092875 0.9174989401061616
vt -0.08487269880502768 0.9251339361733988
vt -0.07869874398321647 0.781898975928986
vt -0.2620036286092875 0.9174989401061616
vt -0.26817758343109976 1.0607339003505756
vt -0.09104665362683911 1.0683688964178137
vt -0.08487269880502768 0.9251339361733988
vt -0.26817758343109976 1.0607339003505756
vt -0.2743515382529116 1.2039688605949892
vt -0.0972206084486516 1.2116038566622271
vt -0.09104665362683911 1.0683688964178137
vt -0.2743515382529116 1.2039688605949892
vt -0.2805254930747234 1.3472038208394028
vt -0.10339456327046281 1.35483881690664
vt -0.0972206084486516 1.2116038566622271
vt -0.2805254930747234 1.3472038208394028
vt -0.2866994478965348 1.4904387810838164
vt -0.10956851809227458 1.4980737771510546
vt -0.10339456327046281 1.35483881690664
vt -0.06635083433959149 0.4954290554401575
vt -0.0725247891614052 0.6386640156845704
vt 0.10460614064285653 0.6462990117518088
vt 0.11078009546466866 0.5030640515073943
vt -0.0725247891614052 0.6386640156845704
vt -0.07869874398321647 0.781898975928986
vt 0.09843218582104521 0.7895339719962227
vt 0.10460614064285653 0.6462990117518088
vt -0.07869874398321647 0.781898975928986
vt -0.08487269880502768 0.9251339361733988
vt 0.09225823099923289 0.932768932240637
vt 0.09843218582104521 0.7895339719962227
vt -0.08487269880502768 0.9251339361733988
vt -0.09104665362683911 1.0683688964178137
vt 0.08608427617742079 1.0760038924850508
vt 0.09225823099923289 0.932768932240637
vt -0.09104665362683911 1.0683688964178137
vt -0.0972206084486516 1.2116038566622271
vt 0.07991032135560916 1.219238852729465
vt 0.08608427617742079 1.0760038924850508
vt -0.0972206084486516 1.2116038566622271
vt -0.10339456327046281 1.35483881690664
vt 0.07373636653379764 1.362473812973878
vt 0.07991032135560916 1.219238852729465
vt -0.10339456327046281 1.35483881690664
vt -0.10956851809227458 1.4980737771510546
vt 0.06756241171198599 1.5057087732182919
vt 0.07373636653379764 1.362473812973878
vt 0.11078009546466866 0.5030640515073943
vt 0.10460614064285653 0.6462990117518088
vt 0.2817370704471176 0.6539340078190471
vt 0.2879110252689296 0.5106990475746331
vt 0.10460614064285653 0.6462990117518088
vt 0.09843218582104521 0.7895339719962227
vt 0.2755631156253055 0.7971689680634607
vt 0.2817370704471176 0.6539340078190471
vt 0.09843218582104521 0.7895339719962227
vt 0.09225823099923289 0.932768932240637
vt 0.269389160803493 0.9404039283078751
vt 0.2755631156253055 0.7971689680634607
vt 0.09225823099923289 0.932768932240637
vt 0.08608427617742079 1.0760038924850508
vt 0.26321520598168235 1.0836388885522878
vt 0.269389160803493 0.9404039283078751
vt 0.08608427617742079 1.0760038924850508
vt 0.07991032135560916 1.219238852729465
vt 0.25704125115987025 1.2268738487967021
vt 0.26321520598168235 1.0836388885522878
vt 0.07991032135560916 1.219238852729465
vt 0.07373636653379764 1.362473812973878
vt 0.2508672963380589 1.3701088090411149
vt 0.25704125115987025 1.2268738487967021
vt 0.07373636653379764 1.362473812973878
vt 0.06756241171198599 1.5057087732182919
vt 0.24469334151624683 1.513343769285529
vt 0.2508672963380589 1.3701088090411149
vt 0.2879110252689296 0.5106990475746331
vt 0.2817370704471176 0.6539340078190471
vt 0.4588680002513781 0.6615690038862845
vt 0.46504195507318946 0.5183340436418695
vt 0.2817370704471176 0.6539340078190471
vt 0.2755631156253055 0.7971689680634607
vt 0.4526940454295654 0.8048039641306977
vt 0.4588680002513781 0.6615690038862845
vt 0.2755631156253055 0.7971689680634607
vt 0.269389160803493 0.9404039283078751
vt 0.4465200906077553 0.9480389243751115
vt 0.4526940454295654 0.8048039641306977
vt 0.269389160803493 0.9404039283078751
vt 0.26321520598168235 1.0836388885522878
vt 0.4403461357859425 1.0912738846195258
vt 0.4465200906077553 0.9480389243751115
vt 0.26321520598168235 1.0836388885522878
vt 0.25704125115987025 1.2268738487967021
vt 0.4341721809641301 1.2345088448639396
vt 0.4403461357859425 1.0912738846195258
vt 0.25704125115987025 1.2268738487967021
vt 0.2508672963380589 1.3701088090411149
vt 0.427998226142318 1.377743805108354
vt 0.4341721809641301 1.2345088448639396
vt 0.2508672963380589 1.3701088090411149
vt 0.24469334151624683 1.513343769285529
vt 0.4218242713205075 1.5209787653527669
vt 0.427998226142318 1.377743805108354
vt 0.4588680002513781 0.6615690038862845
vt 0.4526940454295654 0.8048039641306977
vt 0.629824975233827 0.8124389601979348
vt 0.6359989300556377 0.6692039999535215
vt 0.4526940454295654 0.8048039641306977
vt 0.4465200906077553 0.9480389243751115
vt 0.6236510204120153 0.9556739204423494
vt 0.629824975233827 0.8124389601979348
vt 0.4465200906077553 0.9480389243751115
vt 0.4403461357859425 1.0912738846195258
vt 0.6174770655902024 1.0989088806867635
vt 0.6236510204120153 0.9556739204423494
vt 0.4403461357859425 1.0912738846195258
vt 0.4341721809641301 1.2345088448639396
vt 0.6113031107683913 1.2421438409311767
vt 0.6174770655902024 1.0989088806867635
vt 0.4341721809641301 1.2345088448639396
vt 0.427998226142318 1.377743805108354
vt 0.6051291559465786 1.3853788011755908
vt 0.6113031107683913 1.2421438409311767
vt 0.6146619940331264 0.5247832188948967
vt 0.46504195507318946 0.5183340436418695
vt 0.4588680002513781 0.6615690038862845
vt 0.6359989300556377 0.6692039999535215
vt 0.6409613075050551 0.5540774794007588
vt 0.599944626747877 1.5056592138275682
vt 0.6051291559465786 1.3853788011755908
vt 0.427998226142318 1.377743805108354
vt 0.4218242713205075 1.5209787653527669
vt 0.5597704327122656 1.5269247534468877
vt -0.5984885362467045 0.48980594159457336
vt -0.603917578574185 0.6157590274828602
vt -0.42678664876992545 0.6233940235500952
vt -0.42061269394811296 0.4801590633056825
vt -0.5849563343240132 0.4730752465531124
# 199 uvs
vn -0.029713077629651856 0.998668304301322 -0.03018270523822034
vn 0.017447524473752724 0.9990214701368809 0.011636342632096048
vn -0.011568060816100022 0.9989792880729239 -0.003860341137949643
vn -0.013225331751838282 0.9988637020236406 -0.0156110129544154
vn 0.035465235014120716 0.9986429715360365 -0.006716616841728107
vn -0.0018245430016831854 0.9988093719734858 -0.000196498202569023
vn -0.020122236969105665 0.9982192922983545 0.002140823622021667
vn -0.01738123663155165 0.9987246386350249 0.01735164046006457
vn -0.030875637459861768 0.9986684848705247 0.018166662971010876
vn -0.016712666650806163 0.998468393715684 0.0005817187855048644
vn 0.03552914036052289 0.9985488572873129 0.0003276887941498002
vn 0.011069354457744113 0.9985400277762106 -0.01691982631733151
vn 0.0751985009270563 0.997134804821796 0.00820770804320109
vn 0.026872161311408994 0.9984464412788339 0.006527912352400772
vn -0.0008930355174311642 0.9982414677361362 -0.017066618400125185
vn 0.0038208168496919924 0.9993136572515375 0.003544292788787906
vn 0.007954980963970315 0.9993485256608252 0.01322417516116787
vn -0.005055413834787895 0.9990475175356454 -0.01552147283431051
vn -0.009575428106286431 0.9988926580664848 0.006434982467808999
vn -0.006717504032757327 0.9992837044885368 0.028457242649547677
vn -0.0002817612024682719 0.9986314152193935 -0.024125836784366125
vn 0.0011331124474561562 0.9987130668762736 -0.029855452160031194
vn -0.0012518849580823964 0.9997616423869049 0.007677933527118265
vn -0.00034215478872535185 0.9995665282942773 -0.0037973032060959217
vn -0.010767661957037088 0.9994786408323728 -0.018070127871731175
vn 0.010758292829162486 0.9993862193725137 -0.012923641587833712
vn 0.010592714421366278 0.9987002085303718 0.01046313938620292
vn 0.0069318531557281595 0.9990854032730389 0.025910468355650484
vn 0.007753290201785636 0.9986673177049465 -0.037711737055563334
vn 0.007464757451254593 0.9982039324667864 -0.017497757894123465
vn 0.0035344452464002654 0.9989616419978593 0.03499981162656811
vn 0.015797768825589406 0.9993865570590151 -0.007654581254340681
vn 0.022235172302367795 0.9991057967872156 -0.026477759820278557
vn 0.0002457280151768595 0.9996481878787516 -0.004102494989585706
vn -0.009649742399936701 0.9989139991665231 0.017818742304218954
vn -0.0020548023777992967 0.9988755265384919 0.015662362775508032
vn -0.003976679026453283 0.9988028600661262 -0.031142393325849067
vn -0.024408144500069576 0.9979175208429756 0.00650411018864776
vn -0.03454196022141509 0.9977814347243243 0.051606660680803204
vn 0.022264347458163285 0.998719861492901 0.0011098732452478246
vn 0.020774370301012576 0.9986966298610225 -0.03502865017000176
vn 0.009610982706403997 0.9993097454344323 0.022647237395614025
vn -0.00165179907318312 0.9994370717018602 0.017403185091417403
vn -0.0007055030889370427 0.9993213820212986 0.0043611650346358
vn -0.0077194294046091785 0.9995870960709803 -0.012102792355908639
vn -0.0005382831876775858 0.998293680102491 0.00587782929327991
vn 0.011722525199849343 0.9970581864459831 0.017923281315544538
vn 0.001130272308358526 0.9984027132902602 0.008913821079886556
vn 0.0046161994377709745 0.9989219777338367 -0.044133589210885546
vn -0.003197601757668482 0.9988501551885904 0.03973942166398897
vn -0.0042148387837173595 0.9995361395537767 0.014534945376762434
vn -0.006684334403878545 0.999581378038571 0.008482207866925405
vn -0.004996366254616311 0.9996473787326778 -0.011429552522891656
vn 0.007237738368263209 0.9985491157941869 -0.018742106011015135
vn 0.015489669311153628 0.9977108126231037 -0.009212970038601734
vn -0.016169480119739232 0.9987626855831162 0.040140740972620215
vn -0.005609083497571299 0.9985739758813099 0.016021245820974216
vn -0.02564752825876021 0.99943526069817 0.015521070905750067
vn -0.02872574546845494 0.9994376625708283 0.012097902505282192
vn -0.016027638719678088 0.9993861779236983 -0.01676328104326861
vn -0.03253710445081978 0.998832983623209 -0.026779697334297206
vn 0.01062804480106009 0.9994342102971583 -0.03191087512748532
vn 0.01062804480106009 0.9994342102971583 -0.03191087512748532
vn -0.04966811432494862 0.9987100448451095 -0.010551054207186272
vn -0.04966811432494862 0.9987100448451095 -0.010551054207186272
vn -0.04075731495406943 0.9975150867924663 -0.057467320271209085
vn -0.04075731495406943 0.9975150867924663 -0.057467320271209085
# 67 normals
usemtl #ffe99898
f 875/2591/875 874/2590/874 873/2589/873 872/2588/872 
f 874/2595/874 877/2594/877 876/2593/876 873/2592/873 
f 877/2599/877 879/2598/879 878/2597/878 876/2596/876 
f 879/2603/879 881/2602/881 880/2601/880 878/2600/878 
f 881/2607/881 883/2606/883 882/2605/882 880/2604/880 
f 883/2611/883 885/2610/885 884/2609/884 882/2608/882 
f 888/2615/888 887/2614/887 875/2613/875 886/2612/886 
f 893/2639/893 894/2638/894 885/2637/885 883/2636/883 
f 896/2643/896 895/2642/895 887/2641/887 888/2640/888 
f 897/2651/897 898/2650/898 890/2649/890 889/2648/889 
f 898/2655/898 899/2654/899 891/2653/891 890/2652/890 
f 899/2659/899 900/2658/900 892/2657/892 891/2656/891 
f 901/2667/901 902/2666/902 894/2665/894 893/2664/893 
f 904/2671/904 903/2670/903 895/2669/895 896/2668/896 
f 905/2679/905 906/2678/906 898/2677/898 897/2676/897 
f 907/2687/907 908/2686/908 900/2685/900 899/2684/899 
f 909/2695/909 910/2694/910 902/2693/902 901/2692/901 
f 912/2699/912 911/2698/911 903/2697/903 904/2696/904 
f 913/2707/913 914/2706/914 906/2705/906 905/2704/905 
f 914/2711/914 915/2710/915 907/2709/907 906/2708/906 
f 915/2715/915 916/2714/916 908/2713/908 907/2712/907 
f 917/2723/917 918/2722/918 910/2721/910 909/2720/909 
f 920/2727/920 919/2726/919 911/2725/911 912/2724/912 
f 925/2751/925 926/2750/926 918/2749/918 917/2748/917 
f 928/2755/928 927/2754/927 921/2753/921 919/2752/919 
f 927/2759/927 929/2758/929 922/2757/922 921/2756/921 
f 929/2763/929 930/2762/930 923/2761/923 922/2760/922 
f 930/2767/930 931/2766/931 924/2765/924 923/2764/923 
f 931/2771/931 932/2770/932 925/2769/925 924/2768/924 
f 934/2776/934 928/2775/928 919/2774/919 920/2773/920 933/2772/933 
f 936/2781/936 926/2780/926 925/2779/925 932/2778/932 935/2777/935 
f 938/2786/938 886/2785/886 875/2784/875 872/2783/872 937/2782/937 
usemtl #ffddc7c7
f 887/2619/887 889/2618/889 874/2617/874 875/2616/875 
f 889/2623/889 890/2622/890 877/2621/877 874/2620/874 
f 890/2627/890 891/2626/891 879/2625/879 877/2624/877 
f 891/2631/891 892/2630/892 881/2629/881 879/2628/879 
f 892/2635/892 893/2634/893 883/2633/883 881/2632/881 
f 895/2647/895 897/2646/897 889/2645/889 887/2644/887 
f 900/2663/900 901/2662/901 893/2661/893 892/2660/892 
f 903/2675/903 905/2674/905 897/2673/897 895/2672/895 
f 906/2683/906 907/2682/907 899/2681/899 898/2680/898 
f 908/2691/908 909/2690/909 901/2689/901 900/2688/900 
f 911/2703/911 913/2702/913 905/2701/905 903/2700/903 
f 916/2719/916 917/2718/917 909/2717/909 908/2716/908 
f 919/2731/919 921/2730/921 913/2729/913 911/2728/911 
f 921/2735/921 922/2734/922 914/2733/914 913/2732/913 
f 922/2739/922 923/2738/923 915/2737/915 914/2736/914 
f 923/2743/923 924/2742/924 916/2741/916 915/2740/915 
f 924/2747/924 925/2746/925 917/2745/917 916/2744/916 
# 49 polygons
g carpet
v 165.07545044315276 1.1578502118345124 -35.46604839009751
v 163.49491800876876 3.3969722730057823 -72.13419821266713
v 208.84043603865967 1.8630855138794855 -74.08875720588023
v 210.42096847304322 4.373804676128734 -37.4206073833097
v 161.91438557438516 5.291206067269764 -108.802348035237
v 207.2599036042759 2.0611598204949235 -110.7569070284498
v 160.33385314000134 1.500783278958239 -145.4704978578071
v 205.67937116989197 2.999399868035952 -147.42505685101983
v 158.75332070561768 1.816262478871094 -182.13864768037686
v 204.09883873550825 5.728214166769046 -184.09320667358972
v 157.17278827123386 5.271744544657924 -218.80679750294695
v 202.51830630112443 1.7057635980783523 -220.76135649615964
v 155.59225583685003 5.5304096234278575 -255.47494732551678
v 200.93777386674043 2.289141412466276 -257.4295063187296
v 212.00150090742721 5.075061000938425 -0.7524575607400266
v 255.76648650293407 4.269879514423041 -39.375166376522344
v 257.34701893731784 1.7323018607133234 -2.7070165539527693
v 254.18595406855047 4.812686215138818 -76.04331619909271
v 252.60542163416653 3.4836888864038924 -112.71146602166269
v 251.0248891997826 4.356543418549007 -149.37961584423266
v 249.44435676539877 4.503703981323276 -186.04776566680255
v 247.86382433101494 3.12780862042652 -222.71591548937243
v 246.28329189663123 2.832225316822168 -259.3840653119423
v 301.1120045328244 2.8621659208529557 -41.32972536973536
v 302.6925369672087 5.244210858057772 -4.661575547165626
v 299.5314720984407 3.3843270362856206 -77.99787519230576
v 297.95093966405705 2.124811549747503 -114.66602501487539
v 296.37040722967333 4.9287671967155475 -151.33417483744563
v 294.78987479528934 4.68892941667975 -188.0023246600155
v 293.2093423609057 1.5779012423530023 -224.67047448258518
v 291.62880992652185 2.704182589606635 -261.3386243051553
v 346.4575225627154 3.660088511637566 -43.284284362948355
v 348.0380549970993 4.154221535507799 -6.616134540378255
v 344.8769901283317 3.673863821341925 -79.95243418551831
v 343.29645769394773 2.261992580536786 -116.62058400808836
v 341.71592525956385 4.254786911379628 -153.2887338306583
v 340.1353928251801 3.817004628620956 -189.95688365322837
v 338.5548603907963 1.1937767144162326 -226.6250334757981
v 336.97432795641254 4.400832606615494 -263.29318329836804
v 391.80304059260624 1.743140629683472 -45.23884335616137
v 393.3835730269901 2.118922294654789 -8.570693533591395
v 390.22250815822235 2.8914451351115202 -81.90699317873126
v 388.64197572383836 4.0752457622203355 -118.57514300130134
v 387.0614432894548 5.303358237106324 -155.243292823871
v 385.48091085507093 2.98250380875682 -191.91144264644106
v 383.9003784206872 5.570422289433154 -228.57959246901072
v 382.31984598630333 5.396787497546279 -265.2477422915807
v 437.1485586224969 4.440892098500626e-16 -47.19340234937415
v 438.72909105688063 3.7681827670664845 -10.52525252680391
v 435.56802618811287 3.3124560273051786 -83.86155217194393
v 433.9874937537295 3.508440712684621 -120.52970199451387
v 432.40696131934544 2.9972754361417975 -157.19785181708392
v 430.82642888496144 5.412449335170012 -193.86600163965386
v 429.24589645057756 1.8741025504269588 -230.5341514622239
v 427.6653640161941 1.724089894134389 -267.20230128479363
v 480.91354421800384 3.434002424452517 -85.81611116515663
v 482.4940766523874 2.1148233604071534 -49.147961342586825
v 479.33301178362 4.402512383970251 -122.48426098772676
v 477.75247934923595 5.86466616741798 -159.15241081029674
v 476.1719469148523 4.092339666698846 -195.82056063286655
v 474.59141448046825 4.4245668060921455 -232.48871045543655
v 477.0318210306245 1.083011561681242 -12.176241391578856
v 483.76444527943823 0.783213375164701 -19.675572081079565
v 473.26417500560063 3.7581619921039113 -263.28049609434277
v 462.97958133248414 3.209142350975763 -268.72447423688857
v 166.46528527898778 4.381363450850606 -3.222058402696092
v 169.92952897119676 4.841806984810419 1.0609995279179145
# 67 vertices
vt -0.603917578574185 0.6157590274828602
vt -0.6100915333959975 0.7589939877272727
vt -0.43296060359173616 0.7666289837945114
vt -0.42678664876992545 0.6233940235500952
vt -0.6100915333959975 0.7589939877272727
vt -0.6162654882178085 0.9022289479716863
vt -0.43913455841354776 0.9098639440389238
vt -0.43296060359173616 0.7666289837945114
vt -0.6162654882178085 0.9022289479716863
vt -0.6224394430396203 1.0454639082161006
vt -0.44530851323536 1.0530989042833379
vt -0.43913455841354776 0.9098639440389238
vt -0.6224394430396203 1.0454639082161006
vt -0.6286133978614314 1.1886988684605138
vt -0.4514824680571714 1.1963338645277517
vt -0.44530851323536 1.0530989042833379
vt -0.6286133978614314 1.1886988684605138
vt -0.6347873526832433 1.3319338287049283
vt -0.4576564228789832 1.3395688247721653
vt -0.4514824680571714 1.1963338645277517
vt -0.6347873526832433 1.3319338287049283
vt -0.6409613075050551 1.4751687889493417
vt -0.4638303777007957 1.4828037850165792
vt -0.4576564228789832 1.3395688247721653
vt -0.42061269394811296 0.4801590633056825
vt -0.42678664876992545 0.6233940235500952
vt -0.2496557189656643 0.6310290196173322
vt -0.2434817641438527 0.48779405937291975
vt -0.42678664876992545 0.6233940235500952
vt -0.43296060359173616 0.7666289837945114
vt -0.25582967378747523 0.7742639798617477
vt -0.2496557189656643 0.6310290196173322
vt -0.43296060359173616 0.7666289837945114
vt -0.43913455841354776 0.9098639440389238
vt -0.2620036286092875 0.9174989401061616
vt -0.25582967378747523 0.7742639798617477
vt -0.43913455841354776 0.9098639440389238
vt -0.44530851323536 1.0530989042833379
vt -0.26817758343109976 1.0607339003505756
vt -0.2620036286092875 0.9174989401061616
vt -0.44530851323536 1.0530989042833379
vt -0.4514824680571714 1.1963338645277517
vt -0.2743515382529116 1.2039688605949892
vt -0.26817758343109976 1.0607339003505756
vt -0.4514824680571714 1.1963338645277517
vt -0.4576564228789832 1.3395688247721653
vt -0.2805254930747234 1.3472038208394028
vt -0.2743515382529116 1.2039688605949892
vt -0.4576564228789832 1.3395688247721653
vt -0.4638303777007957 1.4828037850165792
vt -0.2866994478965348 1.4904387810838164
vt -0.2805254930747234 1.3472038208394028
vt -0.2434817641438527 0.48779405937291975
vt -0.2496557189656643 0.6310290196173322
vt -0.0725247891614052 0.6386640156845704
vt -0.06635083433959149 0.4954290554401575
vt -0.2496557189656643 0.6310290196173322
vt -0.25582967378747523 0.7742639798617477
vt -0.07869874398321647 0.781898975928986
vt -0.0725247891614052 0.6386640156845704
vt -0.25582967378747523 0.7742639798617477
vt -0.2620036286092875 0.9174989401061616
vt -0.08487269880502768 0.9251339361733988
vt -0.07869874398321647 0.781898975928986
vt -0.2620036286092875 0.9174989401061616
vt -0.26817758343109976 1.0607339003505756
vt -0.09104665362683911 1.0683688964178137
vt -0.08487269880502768 0.9251339361733988
vt -0.26817758343109976 1.0607339003505756
vt -0.2743515382529116 1.2039688605949892
vt -0.0972206084486516 1.2116038566622271
vt -0.09104665362683911 1.0683688964178137
vt -0.2743515382529116 1.2039688605949892
vt -0.2805254930747234 1.3472038208394028
vt -0.10339456327046281 1.35483881690664
vt -0.0972206084486516 1.2116038566622271
vt -0.2805254930747234 1.3472038208394028
vt -0.2866994478965348 1.4904387810838164
vt -0.10956851809227458 1.4980737771510546
vt -0.10339456327046281 1.35483881690664
vt -0.06635083433959149 0.4954290554401575
vt -0.0725247891614052 0.6386640156845704
vt 0.10460614064285653 0.6462990117518088
vt 0.11078009546466866 0.5030640515073943
vt -0.0725247891614052 0.6386640156845704
vt -0.07869874398321647 0.781898975928986
vt 0.09843218582104521 0.7895339719962227
vt 0.10460614064285653 0.6462990117518088
vt -0.07869874398321647 0.781898975928986
vt -0.08487269880502768 0.9251339361733988
vt 0.09225823099923289 0.932768932240637
vt 0.09843218582104521 0.7895339719962227
vt -0.08487269880502768 0.9251339361733988
vt -0.09104665362683911 1.0683688964178137
vt 0.08608427617742079 1.0760038924850508
vt 0.09225823099923289 0.932768932240637
vt -0.09104665362683911 1.0683688964178137
vt -0.0972206084486516 1.2116038566622271
vt 0.07991032135560916 1.219238852729465
vt 0.08608427617742079 1.0760038924850508
vt -0.0972206084486516 1.2116038566622271
vt -0.10339456327046281 1.35483881690664
vt 0.07373636653379764 1.362473812973878
vt 0.07991032135560916 1.219238852729465
vt -0.10339456327046281 1.35483881690664
vt -0.10956851809227458 1.4980737771510546
vt 0.06756241171198599 1.5057087732182919
vt 0.07373636653379764 1.362473812973878
vt 0.11078009546466866 0.5030640515073943
vt 0.10460614064285653 0.6462990117518088
vt 0.2817370704471176 0.6539340078190471
vt 0.2879110252689296 0.5106990475746331
vt 0.10460614064285653 0.6462990117518088
vt 0.09843218582104521 0.7895339719962227
vt 0.2755631156253055 0.7971689680634607
vt 0.2817370704471176 0.6539340078190471
vt 0.09843218582104521 0.7895339719962227
vt 0.09225823099923289 0.932768932240637
vt 0.269389160803493 0.9404039283078751
vt 0.2755631156253055 0.7971689680634607
vt 0.09225823099923289 0.932768932240637
vt 0.08608427617742079 1.0760038924850508
vt 0.26321520598168235 1.0836388885522878
vt 0.269389160803493 0.9404039283078751
vt 0.08608427617742079 1.0760038924850508
vt 0.07991032135560916 1.219238852729465
vt 0.25704125115987025 1.2268738487967021
vt 0.26321520598168235 1.0836388885522878
vt 0.07991032135560916 1.219238852729465
vt 0.07373636653379764 1.362473812973878
vt 0.2508672963380589 1.3701088090411149
vt 0.25704125115987025 1.2268738487967021
vt 0.07373636653379764 1.362473812973878
vt 0.06756241171198599 1.5057087732182919
vt 0.24469334151624683 1.513343769285529
vt 0.2508672963380589 1.3701088090411149
vt 0.2879110252689296 0.5106990475746331
vt 0.2817370704471176 0.6539340078190471
vt 0.4588680002513781 0.6615690038862845
vt 0.46504195507318946 0.5183340436418695
vt 0.2817370704471176 0.6539340078190471
vt 0.2755631156253055 0.7971689680634607
vt 0.4526940454295654 0.8048039641306977
vt 0.4588680002513781 0.6615690038862845
vt 0.2755631156253055 0.7971689680634607
vt 0.269389160803493 0.9404039283078751
vt 0.4465200906077553 0.9480389243751115
vt 0.4526940454295654 0.8048039641306977
vt 0.269389160803493 0.9404039283078751
vt 0.26321520598168235 1.0836388885522878
vt 0.4403461357859425 1.0912738846195258
vt 0.4465200906077553 0.9480389243751115
vt 0.26321520598168235 1.0836388885522878
vt 0.25704125115987025 1.2268738487967021
vt 0.4341721809641301 1.2345088448639396
vt 0.4403461357859425 1.0912738846195258
vt 0.25704125115987025 1.2268738487967021
vt 0.2508672963380589 1.3701088090411149
vt 0.427998226142318 1.377743805108354
vt 0.4341721809641301 1.2345088448639396
vt 0.2508672963380589 1.3701088090411149
vt 0.24469334151624683 1.513343769285529
vt 0.4218242713205075 1.5209787653527669
vt 0.427998226142318 1.377743805108354
vt 0.4588680002513781 0.6615690038862845
vt 0.4526940454295654 0.8048039641306977
vt 0.629824975233827 0.8124389601979348
vt 0.6359989300556377 0.6692039999535215
vt 0.4526940454295654 0.8048039641306977
vt 0.4465200906077553 0.9480389243751115
vt 0.6236510204120153 0.9556739204423494
vt 0.629824975233827 0.8124389601979348
vt 0.4465200906077553 0.9480389243751115
vt 0.4403461357859425 1.0912738846195258
vt 0.6174770655902024 1.0989088806867635
vt 0.6236510204120153 0.9556739204423494
vt 0.4403461357859425 1.0912738846195258
vt 0.4341721809641301 1.2345088448639396
vt 0.6113031107683913 1.2421438409311767
vt 0.6174770655902024 1.0989088806867635
vt 0.4341721809641301 1.2345088448639396
vt 0.427998226142318 1.377743805108354
vt 0.6051291559465786 1.3853788011755908
vt 0.6113031107683913 1.2421438409311767
vt 0.6146619940331264 0.5247832188948967
vt 0.46504195507318946 0.5183340436418695
vt 0.4588680002513781 0.6615690038862845
vt 0.6359989300556377 0.6692039999535215
vt 0.6409613075050551 0.5540774794007588
vt 0.599944626747877 1.5056592138275682
vt 0.6051291559465786 1.3853788011755908
vt 0.427998226142318 1.377743805108354
vt 0.4218242713205075 1.5209787653527669
vt 0.5597704327122656 1.5269247534468877
vt -0.5984885362467045 0.48980594159457336
vt -0.603917578574185 0.6157590274828602
vt -0.42678664876992545 0.6233940235500952
vt -0.42061269394811296 0.4801590633056825
vt -0.5849563343240132 0.4730752465531124
# 199 uvs
vn -0.029713077629651835 0.998668304301322 -0.03018270523822033
vn 0.01744752447375266 0.9990214701368809 0.011636342632096047
vn -0.011568060816100059 0.9989792880729239 -0.003860341137949649
vn -0.013225331751838309 0.9988637020236406 -0.015611012954415408
vn 0.03546523501412067 0.9986429715360365 -0.00671661684172809
vn -0.0018245430016831975 0.9988093719734858 -0.00019649820256902734
vn -0.020122236969105617 0.9982192922983544 0.0021408236220216946
vn -0.01738123663155162 0.9987246386350248 0.017351640460064578
vn -0.03087563745986188 0.9986684848705247 0.018166662971010886
vn -0.016712666650806247 0.998468393715684 0.0005817187855048818
vn 0.035529140360522786 0.9985488572873129 0.00032768879414980063
vn 0.011069354457744028 0.9985400277762106 -0.0169198263173315
vn 0.07519850092705635 0.997134804821796 0.008207708043201086
vn 0.026872161311409005 0.9984464412788339 0.00652791235240077
vn -0.0008930355174312024 0.9982414677361362 -0.017066618400125196
vn 0.0038208168496919603 0.9993136572515375 0.0035442927887878966
vn 0.007954980963970265 0.9993485256608252 0.013224175161167851
vn -0.005055413834787904 0.9990475175356454 -0.015521472834310521
vn -0.009575428106286421 0.9988926580664848 0.006434982467808963
vn -0.006717504032757317 0.9992837044885368 0.028457242649547656
vn -0.00028176120246830964 0.9986314152193935 -0.024125836784366146
vn 0.0011331124474561242 0.9987130668762736 -0.02985545216003122
vn -0.0012518849580823894 0.9997616423869049 0.00767793352711826
vn -0.0003421547887253445 0.9995665282942773 -0.0037973032060959182
vn -0.010767661957037078 0.9994786408323728 -0.018070127871731175
vn 0.010758292829162481 0.9993862193725137 -0.012923641587833717
vn 0.010592714421366261 0.9987002085303718 0.010463139386202898
vn 0.006931853155728154 0.9990854032730389 0.025910468355650466
vn 0.0077532902017856484 0.9986673177049465 -0.03771173705556337
vn 0.007464757451254609 0.9982039324667864 -0.017497757894123483
vn 0.0035344452464002836 0.9989616419978593 0.034999811626568136
vn 0.0157977688255894 0.9993865570590151 -0.007654581254340692
vn 0.022235172302367795 0.9991057967872156 -0.026477759820278564
vn 0.0002457280151768647 0.9996481878787516 -0.004102494989585714
vn -0.009649742399936687 0.9989139991665231 0.017818742304218954
vn -0.002054802377799275 0.9988755265384919 0.015662362775508032
vn -0.003976679026453226 0.9988028600661262 -0.031142393325849074
vn -0.02440814450006958 0.9979175208429756 0.0065041101886477775
vn -0.03454196022141516 0.9977814347243243 0.051606660680803246
vn 0.022264347458163303 0.998719861492901 0.0011098732452478142
vn 0.02077437030101258 0.9986966298610225 -0.035028650170001764
vn 0.00961098270640402 0.9993097454344323 0.022647237395614025
vn -0.001651799073183106 0.9994370717018602 0.017403185091417403
vn -0.0007055030889370082 0.9993213820212986 0.004361165034635796
vn -0.00771942940460919 0.9995870960709803 -0.012102792355908635
vn -0.0005382831876775858 0.998293680102491 0.005877829293279912
vn 0.011722525199849416 0.9970581864459831 0.017923281315544534
vn 0.001130272308358534 0.9984027132902602 0.008913821079886563
vn 0.004616199437770991 0.9989219777338368 -0.04413358921088557
vn -0.003197601757668495 0.9988501551885904 0.039739421663989
vn -0.004214838783717386 0.9995361395537767 0.014534945376762445
vn -0.006684334403878583 0.999581378038571 0.008482207866925408
vn -0.004996366254616365 0.9996473787326778 -0.011429552522891663
vn 0.0072377383682632485 0.9985491157941869 -0.018742106011015135
vn 0.015489669311153764 0.9977108126231037 -0.00921297003860172
vn -0.01616948011973929 0.9987626855831162 0.040140740972620256
vn -0.00560908349757134 0.99857397588131 0.01602124582097423
vn -0.025647528258760238 0.99943526069817 0.015521070905750084
vn -0.028725745468455015 0.9994376625708283 0.012097902505282206
vn -0.016027638719678102 0.9993861779236983 -0.016763281043268626
vn -0.03253710445081974 0.998832983623209 -0.026779697334297213
vn 0.010628044801060098 0.9994342102971585 -0.03191087512748536
vn 0.010628044801060098 0.9994342102971585 -0.03191087512748536
vn -0.04966811432494863 0.9987100448451095 -0.010551054207186236
vn -0.04966811432494863 0.9987100448451095 -0.010551054207186236
vn -0.0407573149540694 0.9975150867924661 -0.057467320271209064
vn -0.0407573149540694 0.9975150867924661 -0.057467320271209064
# 67 normals
usemtl #ffe99898
f 942/2790/942 941/2789/941 940/2788/940 939/2787/939 
f 941/2794/941 944/2793/944 943/2792/943 940/2791/940 
f 944/2798/944 946/2797/946 945/2796/945 943/2795/943 
f 946/2802/946 948/2801/948 947/2800/947 945/2799/945 
f 948/2806/948 950/2805/950 949/2804/949 947/2803/947 
f 950/2810/950 952/2809/952 951/2808/951 949/2807/949 
f 955/2814/955 954/2813/954 942/2812/942 953/2811/953 
f 960/2838/960 961/2837/961 952/2836/952 950/2835/950 
f 963/2842/963 962/2841/962 954/2840/954 955/2839/955 
f 964/2850/964 965/2849/965 957/2848/957 956/2847/956 
f 965/2854/965 966/2853/966 958/2852/958 957/2851/957 
f 966/2858/966 967/2857/967 959/2856/959 958/2855/958 
f 968/2866/968 969/2865/969 961/2864/961 960/2863/960 
f 971/2870/971 970/2869/970 962/2868/962 963/2867/963 
f 972/2878/972 973/2877/973 965/2876/965 964/2875/964 
f 974/2886/974 975/2885/975 967/2884/967 966/2883/966 
f 976/2894/976 977/2893/977 969/2892/969 968/2891/968 
f 979/2898/979 978/2897/978 970/2896/970 971/2895/971 
f 980/2906/980 981/2905/981 973/2904/973 972/2903/972 
f 981/2910/981 982/2909/982 974/2908/974 973/2907/973 
f 982/2914/982 983/2913/983 975/2912/975 974/2911/974 
f 984/2922/984 985/2921/985 977/2920/977 976/2919/976 
f 987/2926/987 986/2925/986 978/2924/978 979/2923/979 
f 992/2950/992 993/2949/993 985/2948/985 984/2947/984 
f 995/2954/995 994/2953/994 988/2952/988 986/2951/986 
f 994/2958/994 996/2957/996 989/2956/989 988/2955/988 
f 996/2962/996 997/2961/997 990/2960/990 989/2959/989 
f 997/2966/997 998/2965/998 991/2964/991 990/2963/990 
f 998/2970/998 999/2969/999 992/2968/992 991/2967/991 
f 1001/2975/1001 995/2974/995 986/2973/986 987/2972/987 1000/2971/1000 
f 1003/2980/1003 993/2979/993 992/2978/992 999/2977/999 1002/2976/1002 
f 1005/2985/1005 953/2984/953 942/2983/942 939/2982/939 1004/2981/1004 
usemtl #ffddc7c7
f 954/2818/954 956/2817/956 941/2816/941 942/2815/942 
f 956/2822/956 957/2821/957 944/2820/944 941/2819/941 
f 957/2826/957 958/2825/958 946/2824/946 944/2823/944 
f 958/2830/958 959/2829/959 948/2828/948 946/2827/946 
f 959/2834/959 960/2833/960 950/2832/950 948/2831/948 
f 962/2846/962 964/2845/964 956/2844/956 954/2843/954 
f 967/2862/967 968/2861/968 960/2860/960 959/2859/959 
f 970/2874/970 972/2873/972 964/2872/964 962/2871/962 
f 973/2882/973 974/2881/974 966/2880/966 965/2879/965 
f 975/2890/975 976/2889/976 968/2888/968 967/2887/967 
f 978/2902/978 980/2901/980 972/2900/972 970/2899/970 
f 983/2918/983 984/2917/984 976/2916/976 975/2915/975 
f 986/2930/986 988/2929/988 980/2928/980 978/2927/978 
f 988/2934/988 989/2933/989 981/2932/981 980/2931/980 
f 989/2938/989 990/2937/990 982/2936/982 981/2935/981 
f 990/2942/990 991/2941/991 983/2940/983 982/2939/982 
f 991/2946/991 992/2945/992 984/2944/984 983/2943/983 
# 49 polygons
g carpet
v 191.2375574101838 1.1578502118345124 139.47505161385652
v 189.6570249757998 3.3969722730057823 102.8069017912869
v 235.0025430056907 1.8630855138794855 100.8523427980738
v 236.58307544007425 4.373804676128734 137.52049262064435
v 188.0764925414162 5.291206067269764 66.13875196871703
v 233.42201057130694 2.0611598204949235 64.18419297550423
v 186.49596010703237 1.500783278958239 29.470602146146952
v 231.841478136923 2.999399868035952 27.516043152934206
v 184.91542767264872 1.816262478871094 -7.197547676422829
v 230.2609457025393 5.728214166769046 -9.152106669635693
v 183.3348952382649 5.271744544657924 -43.865697498992915
v 228.68041326815546 1.7057635980783523 -45.82025649220559
v 181.75436280388107 5.5304096234278575 -80.53384732156275
v 227.09988083377146 2.289141412466276 -82.48840631477556
v 238.16360787445825 5.075061000938425 174.188642443214
v 281.9285934699651 4.269879514423041 135.5659336274317
v 283.5091259043489 1.7323018607133234 172.23408345000126
v 280.3480610355815 4.812686215138818 98.89778380486132
v 278.76752860119757 3.4836888864038924 62.22963398229134
v 277.1869961668136 4.356543418549007 25.561484159721374
v 275.6064637324298 4.503703981323276 -11.106665662848513
v 274.025931298046 3.12780862042652 -47.7748154854184
v 272.44539886366226 2.832225316822168 -84.44296530798832
v 327.27411149985545 2.8621659208529557 133.6113746342187
v 328.85464393423973 5.244210858057772 170.2795244567884
v 325.69357906547174 3.3843270362856206 96.94322481164828
v 324.1130466310881 2.124811549747503 60.27507498907865
v 322.53251419670437 4.9287671967155475 23.606925166508418
v 320.9519817623204 4.68892941667975 -13.061224656061448
v 319.3714493279367 1.5779012423530023 -49.72937447863116
v 317.7909168935529 2.704182589606635 -86.39752430120126
v 372.6196295297464 3.660088511637566 131.65681564100566
v 374.20016196413036 4.154221535507799 168.32496546357578
v 371.03909709536276 3.673863821341925 94.98866581843572
v 369.45856466097877 2.261992580536786 58.32051599586568
v 367.8780322265949 4.254786911379628 21.65236617329574
v 366.2974997922111 3.817004628620956 -15.01578364927434
v 364.71696735782734 1.1937767144162326 -51.68393347184407
v 363.1364349234436 4.400832606615494 -88.35208329441403
v 417.9651475596373 1.743140629683472 129.70225664779267
v 419.54567999402116 2.118922294654789 166.37040647036264
v 416.3846151252534 2.8914451351115202 93.03410682522278
v 414.8040826908694 4.0752457622203355 56.36595700265269
v 413.22355025648585 5.303358237106324 19.69780718008302
v 411.64301782210197 2.98250380875682 -16.970342642487026
v 410.06248538771825 5.570422289433154 -53.638492465056686
v 408.48195295333437 5.396787497546279 -90.30664228762669
v 463.31066558952796 4.440892098500626e-16 127.74769765457988
v 464.89119802391167 3.7681827670664845 164.41584747715012
v 461.7301331551439 3.3124560273051786 91.0795478320101
v 460.14960072076053 3.508440712684621 54.41139800944016
v 458.5690682863765 2.9972754361417975 17.74324818687011
v 456.9885358519925 5.412449335170012 -18.92490163569984
v 455.4080034176086 1.8741025504269588 -55.593051458269855
v 453.8274709832251 1.724089894134389 -92.2612012808396
v 507.07565118503487 3.434002424452517 89.1249888387974
v 508.6561836194184 2.1148233604071534 125.79313866136721
v 505.49511875065105 4.402512383970251 52.45683901622728
v 503.914586316267 5.86466616741798 15.788689193657284
v 502.33405388188334 4.092339666698846 -20.879460628912526
v 500.7535214474993 4.4245668060921455 -57.54761045148253
v 503.1939279976555 1.083011561681242 162.76485861237518
v 509.92655224646927 0.783213375164701 155.26552792287447
v 499.42628197263167 3.7581619921039113 -88.33939609038876
v 489.1416882995152 3.209142350975763 -93.7833742329345
v 192.62739224601881 4.381363450850606 171.71904160125794
v 196.0916359382278 4.841806984810419 176.00209953187195
# 67 vertices
vt -0.603917578574185 0.6157590274828602
vt -0.6100915333959975 0.7589939877272727
vt -0.43296060359173616 0.7666289837945114
vt -0.42678664876992545 0.6233940235500952
vt -0.6100915333959975 0.7589939877272727
vt -0.6162654882178085 0.9022289479716863
vt -0.43913455841354776 0.9098639440389238
vt -0.43296060359173616 0.7666289837945114
vt -0.6162654882178085 0.9022289479716863
vt -0.6224394430396203 1.0454639082161006
vt -0.44530851323536 1.0530989042833379
vt -0.43913455841354776 0.9098639440389238
vt -0.6224394430396203 1.0454639082161006
vt -0.6286133978614314 1.1886988684605138
vt -0.4514824680571714 1.1963338645277517
vt -0.44530851323536 1.0530989042833379
vt -0.6286133978614314 1.1886988684605138
vt -0.6347873526832433 1.3319338287049283
vt -0.4576564228789832 1.3395688247721653
vt -0.4514824680571714 1.1963338645277517
vt -0.6347873526832433 1.3319338287049283
vt -0.6409613075050551 1.4751687889493417
vt -0.4638303777007957 1.4828037850165792
vt -0.4576564228789832 1.3395688247721653
vt -0.42061269394811296 0.4801590633056825
vt -0.42678664876992545 0.6233940235500952
vt -0.2496557189656643 0.6310290196173322
vt -0.2434817641438527 0.48779405937291975
vt -0.42678664876992545 0.6233940235500952
vt -0.43296060359173616 0.7666289837945114
vt -0.25582967378747523 0.7742639798617477
vt -0.2496557189656643 0.6310290196173322
vt -0.43296060359173616 0.7666289837945114
vt -0.43913455841354776 0.9098639440389238
vt -0.2620036286092875 0.9174989401061616
vt -0.25582967378747523 0.7742639798617477
vt -0.43913455841354776 0.9098639440389238
vt -0.44530851323536 1.0530989042833379
vt -0.26817758343109976 1.0607339003505756
vt -0.2620036286092875 0.9174989401061616
vt -0.44530851323536 1.0530989042833379
vt -0.4514824680571714 1.1963338645277517
vt -0.2743515382529116 1.2039688605949892
vt -0.26817758343109976 1.0607339003505756
vt -0.4514824680571714 1.1963338645277517
vt -0.4576564228789832 1.3395688247721653
vt -0.2805254930747234 1.3472038208394028
vt -0.2743515382529116 1.2039688605949892
vt -0.4576564228789832 1.3395688247721653
vt -0.4638303777007957 1.4828037850165792
vt -0.2866994478965348 1.4904387810838164
vt -0.2805254930747234 1.3472038208394028
vt -0.2434817641438527 0.48779405937291975
vt -0.2496557189656643 0.6310290196173322
vt -0.0725247891614052 0.6386640156845704
vt -0.06635083433959149 0.4954290554401575
vt -0.2496557189656643 0.6310290196173322
vt -0.25582967378747523 0.7742639798617477
vt -0.07869874398321647 0.781898975928986
vt -0.0725247891614052 0.6386640156845704
vt -0.25582967378747523 0.7742639798617477
vt -0.2620036286092875 0.9174989401061616
vt -0.08487269880502768 0.9251339361733988
vt -0.07869874398321647 0.781898975928986
vt -0.2620036286092875 0.9174989401061616
vt -0.26817758343109976 1.0607339003505756
vt -0.09104665362683911 1.0683688964178137
vt -0.08487269880502768 0.9251339361733988
vt -0.26817758343109976 1.0607339003505756
vt -0.2743515382529116 1.2039688605949892
vt -0.0972206084486516 1.2116038566622271
vt -0.09104665362683911 1.0683688964178137
vt -0.2743515382529116 1.2039688605949892
vt -0.2805254930747234 1.3472038208394028
vt -0.10339456327046281 1.35483881690664
vt -0.0972206084486516 1.2116038566622271
vt -0.2805254930747234 1.3472038208394028
vt -0.2866994478965348 1.4904387810838164
vt -0.10956851809227458 1.4980737771510546
vt -0.10339456327046281 1.35483881690664
vt -0.06635083433959149 0.4954290554401575
vt -0.0725247891614052 0.6386640156845704
vt 0.10460614064285653 0.6462990117518088
vt 0.11078009546466866 0.5030640515073943
vt -0.0725247891614052 0.6386640156845704
vt -0.07869874398321647 0.781898975928986
vt 0.09843218582104521 0.7895339719962227
vt 0.10460614064285653 0.6462990117518088
vt -0.07869874398321647 0.781898975928986
vt -0.08487269880502768 0.9251339361733988
vt 0.09225823099923289 0.932768932240637
vt 0.09843218582104521 0.7895339719962227
vt -0.08487269880502768 0.9251339361733988
vt -0.09104665362683911 1.0683688964178137
vt 0.08608427617742079 1.0760038924850508
vt 0.09225823099923289 0.932768932240637
vt -0.09104665362683911 1.0683688964178137
vt -0.0972206084486516 1.2116038566622271
vt 0.07991032135560916 1.219238852729465
vt 0.08608427617742079 1.0760038924850508
vt -0.0972206084486516 1.2116038566622271
vt -0.10339456327046281 1.35483881690664
vt 0.07373636653379764 1.362473812973878
vt 0.07991032135560916 1.219238852729465
vt -0.10339456327046281 1.35483881690664
vt -0.10956851809227458 1.4980737771510546
vt 0.06756241171198599 1.5057087732182919
vt 0.07373636653379764 1.362473812973878
vt 0.11078009546466866 0.5030640515073943
vt 0.10460614064285653 0.6462990117518088
vt 0.2817370704471176 0.6539340078190471
vt 0.2879110252689296 0.5106990475746331
vt 0.10460614064285653 0.6462990117518088
vt 0.09843218582104521 0.7895339719962227
vt 0.2755631156253055 0.7971689680634607
vt 0.2817370704471176 0.6539340078190471
vt 0.09843218582104521 0.7895339719962227
vt 0.09225823099923289 0.932768932240637
vt 0.269389160803493 0.9404039283078751
vt 0.2755631156253055 0.7971689680634607
vt 0.09225823099923289 0.932768932240637
vt 0.08608427617742079 1.0760038924850508
vt 0.26321520598168235 1.0836388885522878
vt 0.269389160803493 0.9404039283078751
vt 0.08608427617742079 1.0760038924850508
vt 0.07991032135560916 1.219238852729465
vt 0.25704125115987025 1.2268738487967021
vt 0.26321520598168235 1.0836388885522878
vt 0.07991032135560916 1.219238852729465
vt 0.07373636653379764 1.362473812973878
vt 0.2508672963380589 1.3701088090411149
vt 0.25704125115987025 1.2268738487967021
vt 0.07373636653379764 1.362473812973878
vt 0.06756241171198599 1.5057087732182919
vt 0.24469334151624683 1.513343769285529
vt 0.2508672963380589 1.3701088090411149
vt 0.2879110252689296 0.5106990475746331
vt 0.2817370704471176 0.6539340078190471
vt 0.4588680002513781 0.6615690038862845
vt 0.46504195507318946 0.5183340436418695
vt 0.2817370704471176 0.6539340078190471
vt 0.2755631156253055 0.7971689680634607
vt 0.4526940454295654 0.8048039641306977
vt 0.4588680002513781 0.6615690038862845
vt 0.2755631156253055 0.7971689680634607
vt 0.269389160803493 0.9404039283078751
vt 0.4465200906077553 0.9480389243751115
vt 0.4526940454295654 0.8048039641306977
vt 0.269389160803493 0.9404039283078751
vt 0.26321520598168235 1.0836388885522878
vt 0.4403461357859425 1.0912738846195258
vt 0.4465200906077553 0.9480389243751115
vt 0.26321520598168235 1.0836388885522878
vt 0.25704125115987025 1.2268738487967021
vt 0.4341721809641301 1.2345088448639396
vt 0.4403461357859425 1.0912738846195258
vt 0.25704125115987025 1.2268738487967021
vt 0.2508672963380589 1.3701088090411149
vt 0.427998226142318 1.377743805108354
vt 0.4341721809641301 1.2345088448639396
vt 0.2508672963380589 1.3701088090411149
vt 0.24469334151624683 1.513343769285529
vt 0.4218242713205075 1.5209787653527669
vt 0.427998226142318 1.377743805108354
vt 0.4588680002513781 0.6615690038862845
vt 0.4526940454295654 0.8048039641306977
vt 0.629824975233827 0.8124389601979348
vt 0.6359989300556377 0.6692039999535215
vt 0.4526940454295654 0.8048039641306977
vt 0.4465200906077553 0.9480389243751115
vt 0.6236510204120153 0.9556739204423494
vt 0.629824975233827 0.8124389601979348
vt 0.4465200906077553 0.9480389243751115
vt 0.4403461357859425 1.0912738846195258
vt 0.6174770655902024 1.0989088806867635
vt 0.6236510204120153 0.9556739204423494
vt 0.4403461357859425 1.0912738846195258
vt 0.4341721809641301 1.2345088448639396
vt 0.6113031107683913 1.2421438409311767
vt 0.6174770655902024 1.0989088806867635
vt 0.4341721809641301 1.2345088448639396
vt 0.427998226142318 1.377743805108354
vt 0.6051291559465786 1.3853788011755908
vt 0.6113031107683913 1.2421438409311767
vt 0.6146619940331264 0.5247832188948967
vt 0.46504195507318946 0.5183340436418695
vt 0.4588680002513781 0.6615690038862845
vt 0.6359989300556377 0.6692039999535215
vt 0.6409613075050551 0.5540774794007588
vt 0.599944626747877 1.5056592138275682
vt 0.6051291559465786 1.3853788011755908
vt 0.427998226142318 1.377743805108354
vt 0.4218242713205075 1.5209787653527669
vt 0.5597704327122656 1.5269247534468877
vt -0.5984885362467045 0.48980594159457336
vt -0.603917578574185 0.6157590274828602
vt -0.42678664876992545 0.6233940235500952
vt -0.42061269394811296 0.4801590633056825
vt -0.5849563343240132 0.4730752465531124
# 199 uvs
vn -0.02971307762965182 0.9986683043013219 -0.03018270523822034
vn 0.01744752447375266 0.9990214701368807 0.011636342632096053
vn -0.011568060816100052 0.9989792880729238 -0.00386034113794964
vn -0.013225331751838302 0.9988637020236406 -0.015611012954415412
vn 0.03546523501412068 0.9986429715360365 -0.006716616841728085
vn -0.001824543001683181 0.9988093719734858 -0.000196498202569023
vn -0.020122236969105645 0.9982192922983546 0.002140823622021684
vn -0.017381236631551635 0.998724638635025 0.01735164046006458
vn -0.03087563745986189 0.9986684848705247 0.018166662971010876
vn -0.01671266665080625 0.998468393715684 0.0005817187855048575
vn 0.035529140360522765 0.9985488572873129 0.00032768879414979803
vn 0.011069354457744034 0.9985400277762106 -0.01691982631733153
vn 0.07519850092705628 0.997134804821796 0.008207708043201081
vn 0.02687216131140898 0.9984464412788339 0.006527912352400765
vn -0.0008930355174311851 0.9982414677361361 -0.01706661840012521
vn 0.0038208168496919317 0.9993136572515375 0.0035442927887878945
vn 0.007954980963970208 0.9993485256608252 0.013224175161167846
vn -0.0050554138347879 0.9990475175356454 -0.015521472834310518
vn -0.00957542810628642 0.9988926580664848 0.006434982467808991
vn -0.006717504032757324 0.9992837044885368 0.02845724264954769
vn -0.0002817612024683309 0.9986314152193935 -0.02412583678436612
vn 0.0011331124474561164 0.9987130668762736 -0.029855452160031198
vn -0.0012518849580823773 0.9997616423869049 0.007677933527118257
vn -0.00034215478872537137 0.9995665282942773 -0.003797303206095923
vn -0.010767661957037133 0.9994786408323728 -0.018070127871731175
vn 0.010758292829162481 0.9993862193725136 -0.012923641587833733
vn 0.010592714421366256 0.9987002085303718 0.010463139386202896
vn 0.006931853155728151 0.9990854032730389 0.025910468355650473
vn 0.007753290201785636 0.9986673177049465 -0.03771173705556332
vn 0.007464757451254614 0.9982039324667864 -0.017497757894123434
vn 0.0035344452464003175 0.9989616419978593 0.034999811626568136
vn 0.01579776882558942 0.9993865570590151 -0.0076545812543406914
vn 0.022235172302367816 0.9991057967872156 -0.026477759820278564
vn 0.0002457280151768686 0.9996481878787515 -0.004102494989585722
vn -0.009649742399936684 0.9989139991665231 0.017818742304218912
vn -0.0020548023777992655 0.9988755265384919 0.01566236277550797
vn -0.003976679026453191 0.9988028600661263 -0.031142393325849102
vn -0.02440814450006953 0.9979175208429757 0.006504110188647777
vn -0.03454196022141513 0.9977814347243243 0.051606660680803246
vn 0.022264347458163327 0.998719861492901 0.0011098732452477864
vn 0.02077437030101263 0.9986966298610224 -0.03502865017000179
vn 0.00961098270640402 0.9993097454344323 0.022647237395614004
vn -0.0016517990731831009 0.9994370717018602 0.01740318509141739
vn -0.0007055030889369944 0.9993213820212986 0.004361165034635755
vn -0.007719429404609156 0.9995870960709803 -0.012102792355908666
vn -0.0005382831876775893 0.998293680102491 0.005877829293279914
vn 0.011722525199849346 0.9970581864459831 0.017923281315544538
vn 0.00113027230835852 0.9984027132902602 0.008913821079886542
vn 0.0046161994377709814 0.9989219777338367 -0.044133589210885574
vn -0.003197601757668507 0.9988501551885904 0.03973942166398898
vn -0.004214838783717381 0.9995361395537767 0.014534945376762441
vn -0.006684334403878564 0.999581378038571 0.008482207866925405
vn -0.0049963662546163735 0.9996473787326778 -0.011429552522891675
vn 0.007237738368263195 0.9985491157941869 -0.018742106011015152
vn 0.015489669311153698 0.9977108126231037 -0.009212970038601723
vn -0.016169480119739312 0.9987626855831162 0.04014074097262026
vn -0.005609083497571388 0.9985739758813099 0.01602124582097425
vn -0.02564752825876023 0.99943526069817 0.015521070905750084
vn -0.028725745468454994 0.9994376625708283 0.012097902505282192
vn -0.01602763871967814 0.9993861779236983 -0.01676328104326865
vn -0.03253710445081979 0.998832983623209 -0.02677969733429724
vn 0.010628044801060037 0.9994342102971583 -0.03191087512748532
vn 0.010628044801060037 0.9994342102971583 -0.03191087512748532
vn -0.04966811432494864 0.9987100448451095 -0.010551054207186253
vn -0.04966811432494864 0.9987100448451095 -0.010551054207186253
vn -0.040757314954069354 0.997515086792466 -0.057467320271209085
vn -0.040757314954069354 0.997515086792466 -0.057467320271209085
# 67 normals
usemtl #ffe99898
f 1009/2989/1009 1008/2988/1008 1007/2987/1007 1006/2986/1006 
f 1008/2993/1008 1011/2992/1011 1010/2991/1010 1007/2990/1007 
f 1011/2997/1011 1013/2996/1013 1012/2995/1012 1010/2994/1010 
f 1013/3001/1013 1015/3000/1015 1014/2999/1014 1012/2998/1012 
f 1015/3005/1015 1017/3004/1017 1016/3003/1016 1014/3002/1014 
f 1017/3009/1017 1019/3008/1019 1018/3007/1018 1016/3006/1016 
f 1022/3013/1022 1021/3012/1021 1009/3011/1009 1020/3010/1020 
f 1027/3037/1027 1028/3036/1028 1019/3035/1019 1017/3034/1017 
f 1030/3041/1030 1029/3040/1029 1021/3039/1021 1022/3038/1022 
f 1031/3049/1031 1032/3048/1032 1024/3047/1024 1023/3046/1023 
f 1032/3053/1032 1033/3052/1033 1025/3051/1025 1024/3050/1024 
f 1033/3057/1033 1034/3056/1034 1026/3055/1026 1025/3054/1025 
f 1035/3065/1035 1036/3064/1036 1028/3063/1028 1027/3062/1027 
f 1038/3069/1038 1037/3068/1037 1029/3067/1029 1030/3066/1030 
f 1039/3077/1039 1040/3076/1040 1032/3075/1032 1031/3074/1031 
f 1041/3085/1041 1042/3084/1042 1034/3083/1034 1033/3082/1033 
f 1043/3093/1043 1044/3092/1044 1036/3091/1036 1035/3090/1035 
f 1046/3097/1046 1045/3096/1045 1037/3095/1037 1038/3094/1038 
f 1047/3105/1047 1048/3104/1048 1040/3103/1040 1039/3102/1039 
f 1048/3109/1048 1049/3108/1049 1041/3107/1041 1040/3106/1040 
f 1049/3113/1049 1050/3112/1050 1042/3111/1042 1041/3110/1041 
f 1051/3121/1051 1052/3120/1052 1044/3119/1044 1043/3118/1043 
f 1054/3125/1054 1053/3124/1053 1045/3123/1045 1046/3122/1046 
f 1059/3149/1059 1060/3148/1060 1052/3147/1052 1051/3146/1051 
f 1062/3153/1062 1061/3152/1061 1055/3151/1055 1053/3150/1053 
f 1061/3157/1061 1063/3156/1063 1056/3155/1056 1055/3154/1055 
f 1063/3161/1063 1064/3160/1064 1057/3159/1057 1056/3158/1056 
f 1064/3165/1064 1065/3164/1065 1058/3163/1058 1057/3162/1057 
f 1065/3169/1065 1066/3168/1066 1059/3167/1059 1058/3166/1058 
f 1068/3174/1068 1062/3173/1062 1053/3172/1053 1054/3171/1054 1067/3170/1067 
f 1070/3179/1070 1060/3178/1060 1059/3177/1059 1066/3176/1066 1069/3175/1069 
f 1072/3184/1072 1020/3183/1020 1009/3182/1009 1006/3181/1006 1071/3180/1071 
usemtl #ffddc7c7
f 1021/3017/1021 1023/3016/1023 1008/3015/1008 1009/3014/1009 
f 1023/3021/1023 1024/3020/1024 1011/3019/1011 1008/3018/1008 
f 1024/3025/1024 1025/3024/1025 1013/3023/1013 1011/3022/1011 
f 1025/3029/1025 1026/3028/1026 1015/3027/1015 1013/3026/1013 
f 1026/3033/1026 1027/3032/1027 1017/3031/1017 1015/3030/1015 
f 1029/3045/1029 1031/3044/1031 1023/3043/1023 1021/3042/1021 
f 1034/3061/1034 1035/3060/1035 1027/3059/1027 1026/3058/1026 
f 1037/3073/1037 1039/3072/1039 1031/3071/1031 1029/3070/1029 
f 1040/3081/1040 1041/3080/1041 1033/3079/1033 1032/3078/1032 
f 1042/3089/1042 1043/3088/1043 1035/3087/1035 1034/3086/1034 
f 1045/3101/1045 1047/3100/1047 1039/3099/1039 1037/3098/1037 
f 1050/3117/1050 1051/3116/1051 1043/3115/1043 1042/3114/1042 
f 1053/3129/1053 1055/3128/1055 1047/3127/1047 1045/3126/1045 
f 1055/3133/1055 1056/3132/1056 1048/3131/1048 1047/3130/1047 
f 1056/3137/1056 1057/3136/1057 1049/3135/1049 1048/3134/1048 
f 1057/3141/1057 1058/3140/1058 1050/3139/1050 1049/3138/1049 
f 1058/3145/1058 1059/3144/1059 1051/3143/1051 1050/3142/1050 
# 49 polygons
g carpet
v -553.6390634887046 3.7193147220594653 164.5085272509506
v -556.7154703619728 7.836771476558436 128.09702433680576
v -511.53001730352554 5.045609476423751 124.11863721472558
v -508.40230732929865 5.671868817005712 160.76576111436873
v -559.795602378197 11.609784712679225 91.66841286902425
v -514.6284695619104 7.1246504968609905 87.60588593021329
v -562.9371344490453 9.705471979922283 54.95780789383939
v -517.7189272798579 9.942902782075603 51.12985136381909
v -566.0343186155486 11.901766494903747 18.450880605405843
v -520.7900449804735 14.549420294543536 14.742640160107499
v -569.0975875675297 17.23401470450581 -17.900283461707318
v -523.934083186597 12.41337899139493 -21.979474802822892
v -572.195385384144 19.37356836264249 -54.41002907576153
v -527.0283737764486 14.877226653851961 -58.47311269218265
v -505.2941413882852 4.490998701746319 197.32312466268047
v -463.2014092357967 4.308824416167704 156.85830877620268
v -460.12822598552475 -0.1067030593083258 193.25500647949238
v -466.2961380348096 6.732153283181022 120.36265831308762
v -469.41108421511643 7.286091894039957 83.77415499672338
v -472.5022481629229 10.039042981345174 47.29487691147248
v -475.60125034136155 12.067235913444385 10.779599995905073
v -478.7167030679644 12.57433696920847 -25.81122974781445
v -481.8204873290468 14.160356972540562 -62.34846944933875
v -418.01459337923814 1.6436728757648416 152.88618060978308
v -414.8882732171006 2.1414239223525673 189.52692148601747
v -421.1095451715042 4.0463827808817205 116.38950600019199
v -424.22374087746914 4.669713634058049 79.80444940538413
v -427.2940469753398 9.351275596700592 43.42096566911585
v -430.397229128249 10.992969237306493 6.886491284279572
v -433.53142304844476 9.76717500941652 -29.79041158993796
v -436.6198497297048 12.773226106850007 -66.25711816529665
v -372.8039544156481 1.181313255231995 149.02346539991532
v -369.698025616282 -0.2064130663966175 185.57055437398571
v -375.9043972900558 3.0762929403884955 112.50157176532485
v -379.0202385926368 3.5474645087173906 75.90895739936637
v -382.09930605513813 7.418911183287376 39.48523513306914
v -385.2046262093675 8.862915579278257 2.9409414981542668
v -388.3335513921855 8.124292571705238 -33.71176351920671
v -391.39950359871443 13.208434964153668 -70.07525103400795
v -327.62263880570356 -1.9924158936313865 145.02607611860066
v -324.51798832100707 -3.498340954896848 181.56729414614722
v -330.71082761452664 1.0356299621492475 108.56046202570397
v -333.798633029247 4.099126165806734 72.09660875612272
v -336.8859598310843 7.206877075172427 35.63495362343768
v -340.0116190736862 6.770237629598203 -1.0027518317542103
v -343.0842585919875 11.236041015339136 -37.39695232414732
v -346.186725685503 12.943852272440513 -73.9281426385113
v -282.4394459012158 -4.992561922290138 141.0373087330803
v -279.2981540451456 -3.1104605312965496 177.7468104680775
v -285.5042596794233 0.19684468717259973 104.67904970540906
v -288.60273450783575 2.273798781031977 68.16619476298617
v -291.70884727279946 3.6445148138239754 31.618260885692518
v -294.78335260772434 7.937796379622476 -4.784508787575078
v -297.9221620021606 6.2852345873844095 -41.48260926132767
v -301.02437395266134 8.016637518301371 -78.01262777423395
v -240.30092626448555 -0.941018910265019 100.78278212656429
v -237.2145830741414 -4.139718974433912 137.2399198030916
v -243.39105703669358 1.9074642525487353 64.308249131729
v -246.47585595511026 5.2489546639558835 27.858203870021768
v -249.59559053995469 5.360135795219316 -8.752291267013618
v -252.69259381173165 7.573156652479588 -45.25838775588589
v -241.14563693897648 -6.855842845040838 174.31739350802343
v -234.73683449818031 -6.981662751265546 166.5292474964785
v -255.30348871699476 8.487352447160259 -75.96098748677844
v -265.80586961001666 8.519092718887286 -80.97799401464763
v -550.8777534770762 5.284425981697062 196.78441418271876
v -547.235494513432 5.426391763675987 200.93213946941606
# 67 vertices
vt -0.603917578574185 0.6157590274828602
vt -0.6100915333959975 0.7589939877272727
vt -0.43296060359173616 0.7666289837945114
vt -0.42678664876992545 0.6233940235500952
vt -0.6100915333959975 0.7589939877272727
vt -0.6162654882178085 0.9022289479716863
vt -0.43913455841354776 0.9098639440389238
vt -0.43296060359173616 0.7666289837945114
vt -0.6162654882178085 0.9022289479716863
vt -0.6224394430396203 1.0454639082161006
vt -0.44530851323536 1.0530989042833379
vt -0.43913455841354776 0.9098639440389238
vt -0.6224394430396203 1.0454639082161006
vt -0.6286133978614314 1.1886988684605138
vt -0.4514824680571714 1.1963338645277517
vt -0.44530851323536 1.0530989042833379
vt -0.6286133978614314 1.1886988684605138
vt -0.6347873526832433 1.3319338287049283
vt -0.4576564228789832 1.3395688247721653
vt -0.4514824680571714 1.1963338645277517
vt -0.6347873526832433 1.3319338287049283
vt -0.6409613075050551 1.4751687889493417
vt -0.4638303777007957 1.4828037850165792
vt -0.4576564228789832 1.3395688247721653
vt -0.42061269394811296 0.4801590633056825
vt -0.42678664876992545 0.6233940235500952
vt -0.2496557189656643 0.6310290196173322
vt -0.2434817641438527 0.48779405937291975
vt -0.42678664876992545 0.6233940235500952
vt -0.43296060359173616 0.7666289837945114
vt -0.25582967378747523 0.7742639798617477
vt -0.2496557189656643 0.6310290196173322
vt -0.43296060359173616 0.7666289837945114
vt -0.43913455841354776 0.9098639440389238
vt -0.2620036286092875 0.9174989401061616
vt -0.25582967378747523 0.7742639798617477
vt -0.43913455841354776 0.9098639440389238
vt -0.44530851323536 1.0530989042833379
vt -0.26817758343109976 1.0607339003505756
vt -0.2620036286092875 0.9174989401061616
vt -0.44530851323536 1.0530989042833379
vt -0.4514824680571714 1.1963338645277517
vt -0.2743515382529116 1.2039688605949892
vt -0.26817758343109976 1.0607339003505756
vt -0.4514824680571714 1.1963338645277517
vt -0.4576564228789832 1.3395688247721653
vt -0.2805254930747234 1.3472038208394028
vt -0.2743515382529116 1.2039688605949892
vt -0.4576564228789832 1.3395688247721653
vt -0.4638303777007957 1.4828037850165792
vt -0.2866994478965348 1.4904387810838164
vt -0.2805254930747234 1.3472038208394028
vt -0.2434817641438527 0.48779405937291975
vt -0.2496557189656643 0.6310290196173322
vt -0.0725247891614052 0.6386640156845704
vt -0.06635083433959149 0.4954290554401575
vt -0.2496557189656643 0.6310290196173322
vt -0.25582967378747523 0.7742639798617477
vt -0.07869874398321647 0.781898975928986
vt -0.0725247891614052 0.6386640156845704
vt -0.25582967378747523 0.7742639798617477
vt -0.2620036286092875 0.9174989401061616
vt -0.08487269880502768 0.9251339361733988
vt -0.07869874398321647 0.781898975928986
vt -0.2620036286092875 0.9174989401061616
vt -0.26817758343109976 1.0607339003505756
vt -0.09104665362683911 1.0683688964178137
vt -0.08487269880502768 0.9251339361733988
vt -0.26817758343109976 1.0607339003505756
vt -0.2743515382529116 1.2039688605949892
vt -0.0972206084486516 1.2116038566622271
vt -0.09104665362683911 1.0683688964178137
vt -0.2743515382529116 1.2039688605949892
vt -0.2805254930747234 1.3472038208394028
vt -0.10339456327046281 1.35483881690664
vt -0.0972206084486516 1.2116038566622271
vt -0.2805254930747234 1.3472038208394028
vt -0.2866994478965348 1.4904387810838164
vt -0.10956851809227458 1.4980737771510546
vt -0.10339456327046281 1.35483881690664
vt -0.06635083433959149 0.4954290554401575
vt -0.0725247891614052 0.6386640156845704
vt 0.10460614064285653 0.6462990117518088
vt 0.11078009546466866 0.5030640515073943
vt -0.0725247891614052 0.6386640156845704
vt -0.07869874398321647 0.781898975928986
vt 0.09843218582104521 0.7895339719962227
vt 0.10460614064285653 0.6462990117518088
vt -0.07869874398321647 0.781898975928986
vt -0.08487269880502768 0.9251339361733988
vt 0.09225823099923289 0.932768932240637
vt 0.09843218582104521 0.7895339719962227
vt -0.08487269880502768 0.9251339361733988
vt -0.09104665362683911 1.0683688964178137
vt 0.08608427617742079 1.0760038924850508
vt 0.09225823099923289 0.932768932240637
vt -0.09104665362683911 1.0683688964178137
vt -0.0972206084486516 1.2116038566622271
vt 0.07991032135560916 1.219238852729465
vt 0.08608427617742079 1.0760038924850508
vt -0.0972206084486516 1.2116038566622271
vt -0.10339456327046281 1.35483881690664
vt 0.07373636653379764 1.362473812973878
vt 0.07991032135560916 1.219238852729465
vt -0.10339456327046281 1.35483881690664
vt -0.10956851809227458 1.4980737771510546
vt 0.06756241171198599 1.5057087732182919
vt 0.07373636653379764 1.362473812973878
vt 0.11078009546466866 0.5030640515073943
vt 0.10460614064285653 0.6462990117518088
vt 0.2817370704471176 0.6539340078190471
vt 0.2879110252689296 0.5106990475746331
vt 0.10460614064285653 0.6462990117518088
vt 0.09843218582104521 0.7895339719962227
vt 0.2755631156253055 0.7971689680634607
vt 0.2817370704471176 0.6539340078190471
vt 0.09843218582104521 0.7895339719962227
vt 0.09225823099923289 0.932768932240637
vt 0.269389160803493 0.9404039283078751
vt 0.2755631156253055 0.7971689680634607
vt 0.09225823099923289 0.932768932240637
vt 0.08608427617742079 1.0760038924850508
vt 0.26321520598168235 1.0836388885522878
vt 0.269389160803493 0.9404039283078751
vt 0.08608427617742079 1.0760038924850508
vt 0.07991032135560916 1.219238852729465
vt 0.25704125115987025 1.2268738487967021
vt 0.26321520598168235 1.0836388885522878
vt 0.07991032135560916 1.219238852729465
vt 0.07373636653379764 1.362473812973878
vt 0.2508672963380589 1.3701088090411149
vt 0.25704125115987025 1.2268738487967021
vt 0.07373636653379764 1.362473812973878
vt 0.06756241171198599 1.5057087732182919
vt 0.24469334151624683 1.513343769285529
vt 0.2508672963380589 1.3701088090411149
vt 0.2879110252689296 0.5106990475746331
vt 0.2817370704471176 0.6539340078190471
vt 0.4588680002513781 0.6615690038862845
vt 0.46504195507318946 0.5183340436418695
vt 0.2817370704471176 0.6539340078190471
vt 0.2755631156253055 0.7971689680634607
vt 0.4526940454295654 0.8048039641306977
vt 0.4588680002513781 0.6615690038862845
vt 0.2755631156253055 0.7971689680634607
vt 0.269389160803493 0.9404039283078751
vt 0.4465200906077553 0.9480389243751115
vt 0.4526940454295654 0.8048039641306977
vt 0.269389160803493 0.9404039283078751
vt 0.26321520598168235 1.0836388885522878
vt 0.4403461357859425 1.0912738846195258
vt 0.4465200906077553 0.9480389243751115
vt 0.26321520598168235 1.0836388885522878
vt 0.25704125115987025 1.2268738487967021
vt 0.4341721809641301 1.2345088448639396
vt 0.4403461357859425 1.0912738846195258
vt 0.25704125115987025 1.2268738487967021
vt 0.2508672963380589 1.3701088090411149
vt 0.427998226142318 1.377743805108354
vt 0.4341721809641301 1.2345088448639396
vt 0.2508672963380589 1.3701088090411149
vt 0.24469334151624683 1.513343769285529
vt 0.4218242713205075 1.5209787653527669
vt 0.427998226142318 1.377743805108354
vt 0.4588680002513781 0.6615690038862845
vt 0.4526940454295654 0.8048039641306977
vt 0.629824975233827 0.8124389601979348
vt 0.6359989300556377 0.6692039999535215
vt 0.4526940454295654 0.8048039641306977
vt 0.4465200906077553 0.9480389243751115
vt 0.6236510204120153 0.9556739204423494
vt 0.629824975233827 0.8124389601979348
vt 0.4465200906077553 0.9480389243751115
vt 0.4403461357859425 1.0912738846195258
vt 0.6174770655902024 1.0989088806867635
vt 0.6236510204120153 0.9556739204423494
vt 0.4403461357859425 1.0912738846195258
vt 0.4341721809641301 1.2345088448639396
vt 0.6113031107683913 1.2421438409311767
vt 0.6174770655902024 1.0989088806867635
vt 0.4341721809641301 1.2345088448639396
vt 0.427998226142318 1.377743805108354
vt 0.6051291559465786 1.3853788011755908
vt 0.6113031107683913 1.2421438409311767
vt 0.6146619940331264 0.5247832188948967
vt 0.46504195507318946 0.5183340436418695
vt 0.4588680002513781 0.6615690038862845
vt 0.6359989300556377 0.6692039999535215
vt 0.6409613075050551 0.5540774794007588
vt 0.599944626747877 1.5056592138275682
vt 0.6051291559465786 1.3853788011755908
vt 0.427998226142318 1.377743805108354
vt 0.4218242713205075 1.5209787653527669
vt 0.5597704327122656 1.5269247534468877
vt -0.5984885362467045 0.48980594159457336
vt -0.603917578574185 0.6157590274828602
vt -0.42678664876992545 0.6233940235500952
vt -0.42061269394811296 0.4801590633056825
vt -0.5849563343240132 0.4730752465531124
# 199 uvs
vn 0.0010322304231489103 0.9993691403046173 0.0197801581430063
vn 0.04985218338158389 0.9962235093249674 0.059499770778392774
vn 0.020237268713221356 0.9978225369844542 0.045285806569836606
vn 0.01810185546368907 0.998343347191218 0.03362142708667408
vn 0.06706806484773208 0.9962244537944825 0.040403778690879195
vn 0.03011356231800609 0.9971778678720647 0.04852580340680103
vn 0.011920314175721964 0.9970147628742636 0.051653583641848334
vn 0.015318475030237267 0.9966778394744468 0.0667218788781952
vn 0.0018663207383920986 0.9969833302912401 0.06811881818825093
vn 0.015287302741033182 0.9972409195112703 0.04993974739117951
vn 0.0673950052251987 0.9957793352035116 0.04742620512624267
vn 0.042285547295631505 0.9973613737137252 0.031271822388222216
vn 0.10722312274395848 0.9927940636313413 0.053508402773790716
vn 0.05900129566627253 0.9956260832282806 0.05398111803021975
vn 0.030324154633548962 0.9974268520321339 0.031596058127020946
vn 0.03593311652209655 0.9973251333412761 0.05203105594380968
vn 0.04046373147285028 0.9967525559115172 0.06151424954828804
vn 0.02626529382882829 0.998277649698688 0.03338577255321962
vn 0.022664879197677703 0.9971599104088162 0.055485400627683375
vn 0.026461378049808394 0.9963633702880186 0.07734920928249815
vn 0.030687829860279292 0.9981492674527752 0.024580966643066488
vn 0.03186126109894938 0.9984750417658907 0.018807594955853865
vn 0.031067946267915317 0.9977160570109764 0.05640455670231218
vn 0.03149348246369269 0.998068095434899 0.044907507366219734
vn 0.020492800800300547 0.9990055410618609 0.031114728242118257
vn 0.04218991739315117 0.9980126141235725 0.035319861269800974
vn 0.042978204542675896 0.9961638367827697 0.0586213777126509
vn 0.03997936141297733 0.9958851563237999 0.07420514101310278
vn 0.0381457361434825 0.9986242423269917 0.010690209867561917
vn 0.03868105958975232 0.9971594469905856 0.03084863982470742
vn 0.03695863129236 0.9954076268484559 0.0834238225644755
vn 0.0474353922376701 0.9975990650312683 0.0403588252902788
vn 0.053068331832359206 0.9980676818755265 0.021294455475292542
vn 0.03207268131357076 0.9981472713421778 0.04457942567598477
vn 0.023080183529031028 0.9966138578980956 0.06684538750047556
vn 0.03057166137984566 0.9964560612338205 0.06436680928429618
vn 0.02670436496404904 0.998781795213233 0.017751335757941713
vn 0.007823865035568327 0.9966250612200662 0.05616345218650752
vn -0.00043513417117162917 0.9945350331824621 0.10160273267147733
vn 0.05423295755622207 0.9963027664902802 0.0487854439010856
vn 0.05124181372183223 0.9981306705509684 0.012805035023361775
vn 0.042521505419684524 0.9961924750311795 0.07084217597640974
vn 0.031060073427988694 0.9969173501771571 0.06611479735942771
vn 0.03146047137451042 0.9974257082072147 0.053056524684484144
vn 0.02378381765438612 0.9987241190474061 0.036941376833462054
vn 0.03160760033084463 0.9963214734959531 0.054527573877162
vn 0.04426727069471761 0.994121512589976 0.06597434791152276
vn 0.03345827381348124 0.9962265194685609 0.057473063189530174
vn 0.03475699136308441 0.9992930336609438 0.004424270928268654
vn 0.030431005043932292 0.9952610991363422 0.08843387225602024
vn 0.028381065578556786 0.9972366095799041 0.06336574792588819
vn 0.02566489700062423 0.9976582909418079 0.05743586129847832
vn 0.026537721386476837 0.9986692223978759 0.03749642999426717
vn 0.03836778051758706 0.997576471717432 0.029622833968363974
vn 0.04693023493034186 0.9960200543594263 0.03873892375462269
vn 0.017492760702132473 0.9955402974009708 0.08940222411674739
vn 0.027029204602437 0.9962421577540329 0.06487729028228478
vn 0.007016640880921749 0.9977270999041314 0.06527289384121412
vn 0.0037995714008284926 0.9979927997906343 0.0619902542208294
vn 0.015292440082198835 0.9990053386476717 0.032633614794394715
vn -0.0016475959030486636 0.9994478962097615 0.02331789516751011
vn 0.04128192022271985 0.9990131132125847 0.016389102843792514
vn 0.04128192022271985 0.9990131132125847 0.016389102843792514
vn -0.018105178508570716 0.9990259074036458 0.04024225201817907
vn -0.018105178508570716 0.9990259074036458 0.04024225201817907
vn -0.011178650802504467 0.9999126976065358 -0.007045206274903994
vn -0.011178650802504467 0.9999126976065358 -0.007045206274903994
# 67 normals
usemtl #ffe99898
f 1076/3188/1076 1075/3187/1075 1074/3186/1074 1073/3185/1073 
f 1075/3192/1075 1078/3191/1078 1077/3190/1077 1074/3189/1074 
f 1078/3196/1078 1080/3195/1080 1079/3194/1079 1077/3193/1077 
f 1080/3200/1080 1082/3199/1082 1081/3198/1081 1079/3197/1079 
f 1082/3204/1082 1084/3203/1084 1083/3202/1083 1081/3201/1081 
f 1084/3208/1084 1086/3207/1086 1085/3206/1085 1083/3205/1083 
f 1089/3212/1089 1088/3211/1088 1076/3210/1076 1087/3209/1087 
f 1094/3236/1094 1095/3235/1095 1086/3234/1086 1084/3233/1084 
f 1097/3240/1097 1096/3239/1096 1088/3238/1088 1089/3237/1089 
f 1098/3248/1098 1099/3247/1099 1091/3246/1091 1090/3245/1090 
f 1099/3252/1099 1100/3251/1100 1092/3250/1092 1091/3249/1091 
f 1100/3256/1100 1101/3255/1101 1093/3254/1093 1092/3253/1092 
f 1102/3264/1102 1103/3263/1103 1095/3262/1095 1094/3261/1094 
f 1105/3268/1105 1104/3267/1104 1096/3266/1096 1097/3265/1097 
f 1106/3276/1106 1107/3275/1107 1099/3274/1099 1098/3273/1098 
f 1108/3284/1108 1109/3283/1109 1101/3282/1101 1100/3281/1100 
f 1110/3292/1110 1111/3291/1111 1103/3290/1103 1102/3289/1102 
f 1113/3296/1113 1112/3295/1112 1104/3294/1104 1105/3293/1105 
f 1114/3304/1114 1115/3303/1115 1107/3302/1107 1106/3301/1106 
f 1115/3308/1115 1116/3307/1116 1108/3306/1108 1107/3305/1107 
f 1116/3312/1116 1117/3311/1117 1109/3310/1109 1108/3309/1108 
f 1118/3320/1118 1119/3319/1119 1111/3318/1111 1110/3317/1110 
f 1121/3324/1121 1120/3323/1120 1112/3322/1112 1113/3321/1113 
f 1126/3348/1126 1127/3347/1127 1119/3346/1119 1118/3345/1118 
f 1129/3352/1129 1128/3351/1128 1122/3350/1122 1120/3349/1120 
f 1128/3356/1128 1130/3355/1130 1123/3354/1123 1122/3353/1122 
f 1130/3360/1130 1131/3359/1131 1124/3358/1124 1123/3357/1123 
f 1131/3364/1131 1132/3363/1132 1125/3362/1125 1124/3361/1124 
f 1132/3368/1132 1133/3367/1133 1126/3366/1126 1125/3365/1125 
f 1135/3373/1135 1129/3372/1129 1120/3371/1120 1121/3370/1121 1134/3369/1134 
f 1137/3378/1137 1127/3377/1127 1126/3376/1126 1133/3375/1133 1136/3374/1136 
f 1139/3383/1139 1087/3382/1087 1076/3381/1076 1073/3380/1073 1138/3379/1138 
usemtl #ffddc7c7
f 1088/3216/1088 1090/3215/1090 1075/3214/1075 1076/3213/1076 
f 1090/3220/1090 1091/3219/1091 1078/3218/1078 1075/3217/1075 
f 1091/3224/1091 1092/3223/1092 1080/3222/1080 1078/3221/1078 
f 1092/3228/1092 1093/3227/1093 1082/3226/1082 1080/3225/1080 
f 1093/3232/1093 1094/3231/1094 1084/3230/1084 1082/3229/1082 
f 1096/3244/1096 1098/3243/1098 1090/3242/1090 1088/3241/1088 
f 1101/3260/1101 1102/3259/1102 1094/3258/1094 1093/3257/1093 
f 1104/3272/1104 1106/3271/1106 1098/3270/1098 1096/3269/1096 
f 1107/3280/1107 1108/3279/1108 1100/3278/1100 1099/3277/1099 
f 1109/3288/1109 1110/3287/1110 1102/3286/1102 1101/3285/1101 
f 1112/3300/1112 1114/3299/1114 1106/3298/1106 1104/3297/1104 
f 1117/3316/1117 1118/3315/1118 1110/3314/1110 1109/3313/1109 
f 1120/3328/1120 1122/3327/1122 1114/3326/1114 1112/3325/1112 
f 1122/3332/1122 1123/3331/1123 1115/3330/1115 1114/3329/1114 
f 1123/3336/1123 1124/3335/1124 1116/3334/1116 1115/3333/1115 
f 1124/3340/1124 1125/3339/1125 1117/3338/1117 1116/3337/1116 
f 1125/3344/1125 1126/3343/1126 1118/3342/1118 1117/3341/1117 
# 49 polygons